Flight_Nr,2,Cost,1133.8984214638388
Long,Lat,Flight_Level,Time
-22.0,34.0,250.0,07:50:00
-21.962311557788944,34.010182383477385,250.85607999267603,07:50:15
-21.92462311557789,34.02036476695477,251.71215998535206,07:50:30
-21.886934673366834,34.030547150432156,252.5682399780281,07:50:45
-21.849246231155778,34.04072953390954,253.42431997070415,07:51:00
-21.811557788944725,34.05091191738693,254.28039996338018,07:51:15
-21.77386934673367,34.06109430086431,255.1364799560562,07:51:30
-21.736180904522612,34.0712766843417,255.99255994873224,07:51:45
-21.698492462311556,34.08145906781908,256.8486399414083,07:52:00
-21.660804020100503,34.09164145129647,257.7047199340843,07:52:15
-21.623115577889447,34.10182383477385,258.56079992676035,07:52:30
-21.58542713567839,34.11200621825124,259.4168799194364,07:52:45
-21.547738693467338,34.122188601728624,260.2729599121124,07:53:00
-21.51005025125628,34.132370985206016,261.12903990478844,07:53:15
-21.471649484536083,34.14274202390128,261.9746007307227,07:53:30
-21.432989690721648,34.15318166449396,262.8163364051146,07:53:45
-21.394329896907216,34.163621305086636,263.65807207950644,07:54:00
-21.355670103092784,34.17406094567932,264.49980775389827,07:54:15
-21.317010309278352,34.184500586272,265.34154342829015,07:54:30
-21.278350515463917,34.19494022686468,266.183279102682,07:54:45
-21.239690721649485,34.20537986745736,267.02501477707386,07:55:00
-21.201030927835053,34.21581950805004,267.8667504514657,07:55:15
-21.162371134020617,34.22625914864272,268.7084861258576,07:55:30
-21.123711340206185,34.2366987892354,269.5502218002494,07:55:45
-21.085051546391753,34.24713842982808,270.39195747464123,07:56:00
-21.04639175257732,34.257578070420756,271.2336931490331,07:56:15
-21.007731958762886,34.268017711013435,272.07542882342494,07:56:30
-20.968911917098445,34.27849646291626,272.8913760541438,07:56:45
-20.930051813471504,34.288984992646625,273.7008761739443,07:57:00
-20.89119170984456,34.299473522376985,274.5103762937449,07:57:15
-20.852331606217618,34.309962052107345,275.31987641354544,07:57:30
-20.813471502590673,34.32045058183771,276.12937653334603,07:57:45
-20.77461139896373,34.33093911156807,276.9388766531466,07:58:00
-20.735751295336787,34.34142764129844,277.74837677294715,07:58:15
-20.696891191709845,34.3519161710288,278.55787689274774,07:58:30
-20.6580310880829,34.362404700759164,279.3673770125483,07:58:45
-20.61917098445596,34.372893230489524,280.17687713234886,07:59:00
-20.580310880829014,34.38338176021988,280.9863772521494,07:59:15
-20.541450777202073,34.39387028995025,281.79587737195,07:59:30
-20.502590673575128,34.40435881968061,282.6053774917505,07:59:45
-20.46315789473684,34.41499698510585,283.39211067719475,08:00:00
-20.423684210526314,34.425645838795006,284.1772176530421,08:00:15
-20.38421052631579,34.43629469248417,284.96232462888946,08:00:30
-20.344736842105263,34.44694354617333,285.7474316047368,08:00:45
-20.305263157894736,34.457592399862484,286.5325385805841,08:01:00
-20.26578947368421,34.468241253551646,287.31764555643144,08:01:15
-20.226315789473684,34.4788901072408,288.1027525322788,08:01:30
-20.186842105263157,34.48953896092996,288.88785950812616,08:01:45
-20.147368421052633,34.500187814619125,289.6729664839735,08:02:00
-20.107894736842105,34.51083666830828,290.4580734598208,08:02:15
-20.068421052631578,34.52148552199744,291.2431804356682,08:02:30
-20.028947368421054,34.532134375686596,292.0282874115155,08:02:45
-19.989473684210527,34.54278182020099,292.80348112741825,08:03:00
-19.95,34.55342538948479,293.55141337847346,08:03:15
-19.910526315789475,34.56406895876857,294.2993456295286,08:03:30
-19.871052631578948,34.574712528052366,295.0472778805838,08:03:45
-19.83157894736842,34.58535609733616,295.79521013163895,08:04:00
-19.792105263157893,34.595999666619946,296.54314238269416,08:04:15
-19.75263157894737,34.60664323590374,297.2910746337493,08:04:30
-19.71315789473684,34.61728680518753,298.0390068848045,08:04:45
-19.673684210526314,34.62793037447132,298.78693913585965,08:05:00
-19.63421052631579,34.63857394375511,299.53487138691486,08:05:15
-19.594736842105263,34.649217513038906,300.28280363797,08:05:30
-19.555263157894736,34.6598610823227,301.0307358890252,08:05:45
-19.51578947368421,34.670504651606485,301.77866814008036,08:06:00
-19.4765625,34.68107856096657,302.4998533217211,08:06:15
-19.4375,34.69160603037751,303.20320712375224,08:06:30
-19.3984375,34.70213349978845,303.9065609257833,08:06:45
-19.359375,34.71266096919939,304.60991472781444,08:07:00
-19.3203125,34.72318843861033,305.3132685298455,08:07:15
-19.28125,34.73371590802127,306.01662233187665,08:07:30
-19.2421875,34.74424337743221,306.7199761339077,08:07:45
-19.203125,34.75477084684315,307.42332993593885,08:08:00
-19.1640625,34.76529831625409,308.1266837379699,08:08:15
-19.125,34.775825785665035,308.83003754000106,08:08:30
-19.0859375,34.78635325507597,309.53339134203213,08:08:45
-19.046875,34.79688072448691,310.23674514406326,08:09:00
-19.0078125,34.80740819389785,310.94009894609434,08:09:15
-18.96875,34.81793147982121,311.614022757665,08:09:30
-18.9296875,34.82845371987267,312.2805890716205,08:09:45
-18.890625,34.83897595992413,312.947155385576,08:10:00
-18.8515625,34.84949819997559,313.61372169953154,08:10:15
-18.8125,34.86002044002705,314.28028801348705,08:10:30
-18.7734375,34.870542680078515,314.9468543274425,08:10:45
-18.734375,34.88106492012997,315.613420641398,08:11:00
-18.6953125,34.89158716018144,316.27998695535354,08:11:15
-18.65625,34.902109400232895,316.94655326930905,08:11:30
-18.6171875,34.91263164028436,317.61311958326456,08:11:45
-18.578125,34.92315388033582,318.2796858972201,08:12:00
-18.5390625,34.93367612038728,318.9462522111756,08:12:15
-18.5,34.94419836043874,319.6128185251311,08:12:30
-18.4609375,34.954715371130725,320.24259735101106,08:12:45
-18.421875,34.96523238182271,320.87237617689095,08:13:00
-18.3828125,34.975749392514686,321.5021550027709,08:13:15
-18.34375,34.98626640320667,322.1319338286508,08:13:30
-18.3046875,34.996783413898655,322.76171265453075,08:13:45
-18.265625,35.00730042459064,323.3914914804107,08:14:00
-18.2265625,35.017817435282616,324.0212703062906,08:14:15
-18.1875,35.0283344459746,324.65104913217056,08:14:30
-18.1484375,35.038851456666585,325.28082795805045,08:14:45
-18.109375,35.04936846735857,325.9106067839304,08:15:00
-18.0703125,35.05988547805055,326.54038560981036,08:15:15
-18.03125,35.07040248874253,327.17016443569025,08:15:30
-17.992227979274613,35.08090756052497,327.7919712651594,08:15:45
-17.95336787564767,35.091364876669225,328.3818901089855,08:16:00
-17.914507772020727,35.10182219281348,328.97180895281156,08:16:15
-17.875647668393782,35.11227950895773,329.5617277966377,08:16:30
-17.83678756476684,35.12273682510198,330.15164664046375,08:16:45
-17.797927461139896,35.133194141246236,330.7415654842898,08:17:00
-17.759067357512954,35.14365145739049,331.3314843281159,08:17:15
-17.72020725388601,35.154108773534745,331.92140317194196,08:17:30
-17.681347150259068,35.164566089679,332.51132201576803,08:17:45
-17.642487046632123,35.17502340582325,333.10124085959416,08:18:00
-17.60362694300518,35.1854807219675,333.6911597034202,08:18:15
-17.564766839378237,35.195938038111755,334.2810785472463,08:18:30
-17.525906735751295,35.20639535425601,334.87099739107236,08:18:45
-17.487046632124354,35.21685093631214,335.4487172751221,08:19:00
-17.44818652849741,35.22730305019205,336.00203923961914,08:19:15
-17.409326424870468,35.23775516407195,336.55536120411614,08:19:30
-17.370466321243523,35.24820727795185,337.10868316861314,08:19:45
-17.33160621761658,35.258659391831756,337.66200513311014,08:20:00
-17.292746113989637,35.269111505711656,338.21532709760714,08:20:15
-17.253886010362695,35.279563619591556,338.76864906210415,08:20:30
-17.21502590673575,35.29001573347146,339.32197102660115,08:20:45
-17.17616580310881,35.300467847351364,339.87529299109815,08:21:00
-17.137305699481864,35.310919961231264,340.4286149555952,08:21:15
-17.098445595854923,35.32137207511117,340.9819369200922,08:21:30
-17.059585492227978,35.33182418899107,341.5352588845892,08:21:45
-17.020725388601036,35.34227630287097,342.0885808490862,08:22:00
-16.981865284974095,35.35272598902751,342.6248242698963,08:22:15
-16.94300518134715,35.36317290064306,343.1415493550642,08:22:30
-16.90414507772021,35.37361981225861,343.65827444023216,08:22:45
-16.865284974093264,35.38406672387416,344.17499952540015,08:23:00
-16.826424870466322,35.39451363548971,344.6917246105681,08:23:15
-16.787564766839377,35.40496054710526,345.208449695736,08:23:30
-16.748704663212436,35.41540745872081,345.72517478090396,08:23:45
-16.70984455958549,35.42585437033636,346.2418998660719,08:24:00
-16.67098445595855,35.43630128195191,346.7586249512398,08:24:15
-16.632124352331605,35.44674819356746,347.27535003640776,08:24:30
-16.593264248704664,35.45719510518301,347.7920751215757,08:24:45
-16.55440414507772,35.46764201679856,348.3088002067436,08:25:00
-16.515544041450777,35.47808892841411,348.82552529191156,08:25:15
-16.476923076923075,35.48846846199812,349.31733761436914,08:25:30
-16.43846153846154,35.49880307689443,349.7925414283533,08:25:45
-16.4,35.50913769179075,350.26774524233736,08:26:00
-16.361538461538462,35.519472306687064,350.74294905632144,08:26:15
-16.323076923076922,35.52980692158337,351.2181528703055,08:26:30
-16.284615384615385,35.54014153647969,351.6933566842896,08:26:45
-16.246153846153845,35.550476151376,352.1685604982737,08:27:00
-16.20769230769231,35.56081076627232,352.6437643122578,08:27:15
-16.16923076923077,35.571145381168634,353.1189681262419,08:27:30
-16.130769230769232,35.58147999606495,353.594171940226,08:27:45
-16.092307692307692,35.591814610961265,354.06937575421006,08:28:00
-16.053846153846155,35.60214922585757,354.54457956819414,08:28:15
-16.015384615384615,35.61248384075389,355.0197833821782,08:28:30
-15.976923076923077,35.62281536630553,355.47325428013,08:28:45
-15.938461538461539,35.63314483229405,355.9122365673935,08:29:00
-15.9,35.64347429828257,356.351218854657,08:29:15
-15.861538461538462,35.65380376427109,356.79020114192053,08:29:30
-15.823076923076924,35.66413323025961,357.2291834291841,08:29:45
-15.784615384615385,35.67446269624813,357.6681657164476,08:30:00
-15.746153846153845,35.684792162236654,358.10714800371113,08:30:15
-15.707692307692307,35.69512162822517,358.54613029097465,08:30:30
-15.669230769230769,35.70545109421369,358.98511257823816,08:30:45
-15.63076923076923,35.71578056020221,359.4240948655017,08:31:00
-15.592307692307692,35.72611002619073,359.8630771527652,08:31:15
-15.553846153846154,35.73643949217925,360.30205944002876,08:31:30
-15.515384615384615,35.74676895816778,360.74104172729227,08:31:45
-15.476923076923077,35.757095334811616,361.1582910985234,08:32:00
-15.438461538461539,35.76741965189235,361.56105185906637,08:32:15
-15.4,35.77774396897307,361.9638126196093,08:32:30
-15.361538461538462,35.78806828605379,362.36657338015226,08:32:45
-15.323076923076924,35.79839260313452,362.7693341406952,08:33:00
-15.284615384615385,35.80871692021525,363.17209490123815,08:33:15
-15.246153846153845,35.81904123729598,363.5748556617811,08:33:30
-15.207692307692307,35.8293655543767,363.97761642232405,08:33:45
-15.169230769230769,35.83968987145742,364.380377182867,08:34:00
-15.13076923076923,35.850014188538154,364.7831379434099,08:34:15
-15.092307692307692,35.86033850561888,365.18589870395283,08:34:30
-15.053846153846154,35.8706628226996,365.5886594644958,08:34:45
-15.015384615384615,35.88098713978033,365.9914202250387,08:35:00
-14.976923076923077,35.89130836751638,366.3724480695493,08:35:15
-14.938461538461539,35.90162753568931,366.7389873033717,08:35:30
-14.9,35.91194670386224,367.10552653719407,08:35:45
-14.861538461538462,35.922265872035176,367.47206577101645,08:36:00
-14.823076923076924,35.9325850402081,367.8386050048388,08:36:15
-14.784615384615385,35.94290420838104,368.20514423866115,08:36:30
-14.746153846153845,35.953223376553964,368.5716834724835,08:36:45
-14.707692307692307,35.9635425447269,368.9382227063059,08:37:00
-14.669230769230769,35.97386171289983,369.3047619401283,08:37:15
-14.63076923076923,35.98418088107276,369.6713011739506,08:37:30
-14.592307692307692,35.994500049245694,370.037840407773,08:37:45
-14.553846153846154,36.00481921741863,370.40437964159537,08:38:00
-14.515384615384615,36.015138385591555,370.77091887541775,08:38:15
-14.47680412371134,36.025486363448465,371.11674679436373,08:38:30
-14.438144329896907,36.03585354776136,371.44876717005883,08:38:45
-14.399484536082474,36.04622073207426,371.7807875457539,08:39:00
-14.360824742268042,36.05658791638716,372.112807921449,08:39:15
-14.322164948453608,36.066955100700056,372.4448282971441,08:39:30
-14.283505154639176,36.07732228501295,372.7768486728392,08:39:45
-14.244845360824742,36.087689469325845,373.10886904853436,08:40:00
-14.206185567010309,36.09805665363874,373.44088942422945,08:40:15
-14.167525773195877,36.10842383795164,373.77290979992455,08:40:30
-14.128865979381443,36.11879102226454,374.10493017561964,08:40:45
-14.09020618556701,36.12915820657743,374.43695055131474,08:41:00
-14.051546391752577,36.13952539089033,374.76897092700983,08:41:15
-14.012886597938145,36.149892575203225,375.1009913027049,08:41:30
-13.974226804123711,36.16025630921708,375.4087395213192,08:41:45
-13.935567010309278,36.170618318081424,375.70435166139316,08:42:00
-13.896907216494846,36.180980326945765,375.99996380146706,08:42:15
-13.858247422680412,36.191342335810106,376.29557594154096,08:42:30
-13.81958762886598,36.20170434467445,376.59118808161486,08:42:45
-13.780927835051546,36.21206635353879,376.88680022168876,08:43:00
-13.742268041237113,36.22242836240313,377.18241236176266,08:43:15
-13.70360824742268,36.23279037126746,377.47802450183656,08:43:30
-13.664948453608247,36.243152380131804,377.77363664191046,08:43:45
-13.626288659793815,36.253514388996145,378.06924878198436,08:44:00
-13.587628865979381,36.263876397860486,378.3648609220583,08:44:15
-13.54896907216495,36.27423840672483,378.6604730621322,08:44:30
-13.510309278350515,36.28460041558917,378.9560852022061,08:44:45
-13.471649484536082,36.294958629124565,379.22499796949114,08:45:00
-13.43298969072165,36.30531546254035,379.48420187394385,08:45:15
-13.394329896907216,36.315672295956134,379.74340577839655,08:45:30
-13.355670103092784,36.32602912937192,380.00260968284925,08:45:45
-13.31701030927835,36.3363859627877,380.26181358730196,08:46:00
-13.278350515463918,36.346742796203486,380.52101749175466,08:46:15
-13.239690721649485,36.35709962961927,380.78022139620737,08:46:30
-13.20103092783505,36.367456463035055,381.03942530066007,08:46:45
-13.162371134020619,36.37781329645084,381.2986292051128,08:47:00
-13.123711340206185,36.38817012986662,381.5578331095655,08:47:15
-13.085051546391753,36.398526963282414,381.8170370140182,08:47:30
-13.04639175257732,36.4088837966982,382.0762409184709,08:47:45
-13.007731958762887,36.41924063011398,382.3354448229236,08:48:00
-12.969072164948454,36.42959332317092,382.5655221388793,08:48:15
-12.93041237113402,36.43994498113815,382.7883178077109,08:48:30
-12.891752577319588,36.450296639105375,383.0111134765424,08:48:45
-12.853092783505154,36.46064829707261,383.2339091453739,08:49:00
-12.814432989690722,36.47099995503984,383.45670481420547,08:49:15
-12.775773195876289,36.481351613007064,383.679500483037,08:49:30
-12.737113402061855,36.49170327097429,383.9022961518685,08:49:45
-12.698453608247423,36.50205492894152,384.1250918207,08:50:00
-12.65979381443299,36.512406586908746,384.34788748953156,08:50:15
-12.621134020618557,36.52275824487598,384.57068315836307,08:50:30
-12.582474226804123,36.53310990284321,384.7934788271946,08:50:45
-12.543814432989691,36.543461560810435,385.0162744960261,08:51:00
-12.505154639175258,36.55381321877766,385.23907016485765,08:51:15
-12.466494845360824,36.56416039135615,385.4303120294841,08:51:30
-12.427835051546392,36.57450687387482,385.6166994626944,08:51:45
-12.389175257731958,36.58485335639349,385.8030868959047,08:52:00
-12.350515463917526,36.59519983891216,385.989474329115,08:52:15
-12.311855670103093,36.605546321430836,386.1758617623253,08:52:30
-12.27319587628866,36.61589280394951,386.36224919553564,08:52:45
-12.234536082474227,36.62623928646818,386.54863662874595,08:53:00
-12.195876288659793,36.63658576898685,386.73502406195627,08:53:15
-12.157216494845361,36.646932251505525,386.9214114951665,08:53:30
-12.118556701030927,36.657278734024196,387.10779892837684,08:53:45
-12.079896907216495,36.667625216542866,387.29418636158715,08:54:00
-12.041237113402062,36.67797169906154,387.48057379479746,08:54:15
-12.00257731958763,36.688318181580215,387.6669612280078,08:54:30
-11.963917525773196,36.69865983368023,387.81936764130495,08:54:45
-11.925257731958762,36.70900114075035,387.96934683889407,08:55:00
-11.88659793814433,36.719342447820466,388.1193260364832,08:55:15
-11.847938144329897,36.72968375489058,388.26930523407236,08:55:30
-11.809278350515465,36.7400250619607,388.4192844316615,08:55:45
-11.77061855670103,36.750366369030814,388.5692636292506,08:56:00
-11.731958762886597,36.760707676100935,388.7192428268397,08:56:15
-11.693298969072165,36.77104898317105,388.86922202442884,08:56:30
-11.654639175257731,36.78139029024116,389.01920122201795,08:56:45
-11.6159793814433,36.79173159731128,389.1691804196071,08:57:00
-11.577319587628866,36.8020729043814,389.3191596171962,08:57:15
-11.538659793814434,36.81241421145152,389.4691388147853,08:57:30
-11.5,36.82275551852163,389.61911801237443,08:57:45
-11.461538461538462,36.83303864434001,389.7321065591528,08:58:00
-11.423076923076923,36.843321770158376,389.84509510593114,08:58:15
-11.384615384615385,36.85360489597675,389.9580836527095,08:58:30
-11.346153846153847,36.86388802179512,390.0710721994878,08:58:45
-11.307692307692308,36.874171147613495,390.18406074626614,08:59:00
-11.26923076923077,36.884454273431864,390.2970492930445,08:59:15
-11.23076923076923,36.89473739925024,390.41003783982285,08:59:30
-11.192307692307692,36.90502052506861,390.5230263866012,08:59:45
-11.153846153846153,36.91530365088698,390.63601493337956,09:00:00
-11.115384615384615,36.92558677670535,390.74900348015785,09:00:15
-11.076923076923077,36.93586990252373,390.8619920269362,09:00:30
-11.038461538461538,36.946153028342096,390.97498057371456,09:00:45
-11.0,36.95643615416047,391.0879691204929,09:01:00
-10.961538461538462,36.96671413107105,391.1647361405507,09:01:15
-10.923076923076923,36.97699210798163,391.24150316060843,09:01:30
-10.884615384615385,36.98727008489221,391.3182701806662,09:01:45
-10.846153846153847,36.99754806180279,391.395037200724,09:02:00
-10.807692307692308,37.00782603871337,391.47180422078173,09:02:15
-10.76923076923077,37.01810401562395,391.5485712408395,09:02:30
-10.73076923076923,37.02838199253452,391.6253382608973,09:02:45
-10.692307692307692,37.0386599694451,391.7021052809551,09:03:00
-10.653846153846153,37.04893794635568,391.7788723010128,09:03:15
-10.615384615384615,37.05921592326626,391.8556393210706,09:03:30
-10.576923076923077,37.06949390017684,391.9324063411284,09:03:45
-10.538461538461538,37.07977187708742,392.00917336118613,09:04:00
-10.5,37.090049853997996,392.0859403812439,09:04:15
-10.461538461538462,37.10032268200078,392.1264858745811,09:04:30
-10.423076923076923,37.11059551000356,392.1670313679183,09:04:45
-10.384615384615385,37.12086833800635,392.20757686125546,09:05:00
-10.346153846153847,37.13114116600914,392.2481223545927,09:05:15
-10.307692307692308,37.14141399401192,392.28866784792984,09:05:30
-10.26923076923077,37.1516868220147,392.329213341267,09:05:45
-10.23076923076923,37.161959650017494,392.3697588346042,09:06:00
-10.192307692307692,37.17223247802028,392.4103043279414,09:06:15
-10.153846153846153,37.18250530602306,392.45084982127855,09:06:30
-10.115384615384615,37.19277813402584,392.4913953146158,09:06:45
-10.076923076923077,37.203050962028634,392.53194080795294,09:07:00
-10.038461538461538,37.21332379003142,392.57248630129016,09:07:15
-10.0,37.2235966180342,392.6130317946273,09:07:30
-9.961538461538462,37.233864297129195,392.6173557612439,09:07:45
-9.923076923076923,37.24413197622418,392.62167972786057,09:08:00
-9.884615384615385,37.254399655319176,392.62600369447716,09:08:15
-9.846153846153847,37.26466733441416,392.6303276610938,09:08:30
-9.807692307692308,37.27493501350916,392.6346516277104,09:08:45
-9.76923076923077,37.285202692604145,392.638975594327,09:09:00
-9.73076923076923,37.29547037169914,392.64329956094366,09:09:15
-9.692307692307692,37.305738050794126,392.64762352756026,09:09:30
-9.653846153846153,37.31600572988912,392.65194749417685,09:09:45
-9.615384615384615,37.32627340898411,392.6562714607935,09:10:00
-9.576923076923077,37.3365410880791,392.6605954274101,09:10:15
-9.538461538461538,37.34680876717409,392.66491939402675,09:10:30
-9.5,37.35707644626908,392.66924336064335,09:10:45
-9.461538461538462,37.36733897645628,392.6373458005394,09:11:00
-9.423076923076923,37.37760150664347,392.60544824043546,09:11:15
-9.384615384615385,37.38786403683067,392.5735506803315,09:11:30
-9.346153846153847,37.39812656701787,392.5416531202275,09:11:45
-9.307692307692308,37.40838909720506,392.5097555601236,09:12:00
-9.26923076923077,37.41865162739226,392.47785800001964,09:12:15
-9.23076923076923,37.428914157579456,392.44596043991567,09:12:30
-9.192307692307692,37.439176687766654,392.4140628798117,09:12:45
-9.153846153846153,37.449439217953845,392.3821653197078,09:13:00
-9.115384615384615,37.45970174814104,392.3502677596038,09:13:15
-9.076923076923077,37.46996427832824,392.31837019949984,09:13:30
-9.038461538461538,37.48022680851543,392.2864726393959,09:13:45
-9.0,37.49048933870263,392.25457507929195,09:14:00
-8.961538461538462,37.50074671998203,392.1864559924674,09:14:15
-8.923076923076923,37.511004101261435,392.1183369056429,09:14:30
-8.884615384615385,37.52126148254084,392.05021781881834,09:14:45
-8.846153846153847,37.53151886382024,391.9820987319938,09:15:00
-8.807692307692308,37.54177624509964,391.91397964516926,09:15:15
-8.76923076923077,37.55203362637904,391.8458605583447,09:15:30
-8.73076923076923,37.562291007658445,391.77774147152024,09:15:45
-8.692307692307692,37.57254838893785,391.7096223846957,09:16:00
-8.653846153846153,37.58280577021725,391.64150329787117,09:16:15
-8.615384615384615,37.59306315149665,391.57338421104663,09:16:30
-8.576923076923077,37.60332053277605,391.5052651242221,09:16:45
-8.538461538461538,37.613577914055455,391.43714603739755,09:17:00
-8.5,37.62383529533486,391.369026950573,09:17:15
-8.461340206185566,37.63414037426508,391.26414849881377,09:17:30
-8.422680412371134,37.64444545319531,391.15927004705446,09:17:45
-8.3840206185567,37.65475053212553,391.0543915952952,09:18:00
-8.345360824742269,37.665055611055756,390.94951314353597,09:18:15
-8.306701030927835,37.67536068998598,390.8446346917767,09:18:30
-8.268041237113403,37.68566576891621,390.7397562400174,09:18:45
-8.22938144329897,37.69597084784643,390.63487778825817,09:19:00
-8.190721649484535,37.706275926776655,390.5299993364989,09:19:15
-8.152061855670103,37.716581005706885,390.4251208847396,09:19:30
-8.11340206185567,37.72688608463711,390.32024243298036,09:19:45
-8.074742268041238,37.73719116356733,390.2153639812211,09:20:00
-8.036082474226804,37.74749624249756,390.11048552946187,09:20:15
-7.9974358974358974,37.757797455063354,390.0032281651355,09:20:30
-7.958974358974359,37.76804453852717,389.8626660248698,09:20:45
-7.920512820512821,37.77829162199099,389.7221038846041,09:21:00
-7.8820512820512825,37.7885387054548,389.58154174433844,09:21:15
-7.843589743589743,37.798785788918615,389.44097960407277,09:21:30
-7.805128205128205,37.809032872382424,389.30041746380704,09:21:45
-7.766666666666667,37.81927995584624,389.15985532354136,09:22:00
-7.728205128205128,37.82952703931006,389.0192931832757,09:22:15
-7.68974358974359,37.83977412277387,388.87873104301,09:22:30
-7.651282051282052,37.850021206237685,388.73816890274435,09:22:45
-7.612820512820512,37.860268289701494,388.5976067624786,09:23:00
-7.574358974358974,37.87051537316531,388.45704462221295,09:23:15
-7.535897435897436,37.88076245662913,388.3164824819473,09:23:30
-7.4974358974358974,37.89100919683242,388.17350557323357,09:23:45
-7.458974358974359,37.90125113138844,387.9967219062473,09:24:00
-7.420512820512821,37.911493065944455,387.81993823926103,09:24:15
-7.3820512820512825,37.921735000500476,387.6431545722748,09:24:30
-7.343589743589743,37.9319769350565,387.46637090528856,09:24:45
-7.305128205128205,37.94221886961252,387.28958723830226,09:25:00
-7.266666666666667,37.95246080416854,387.112803571316,09:25:15
-7.228205128205128,37.96270273872455,386.9360199043298,09:25:30
-7.18974358974359,37.97294467328057,386.75923623734354,09:25:45
-7.151282051282052,37.98318660783659,386.5824525703573,09:26:00
-7.112820512820512,37.993428542392614,386.405668903371,09:26:15
-7.074358974358974,38.00367047694863,386.22888523638477,09:26:30
-7.035897435897436,38.01391241150465,386.05210156939853,09:26:45
-6.9974358974358974,38.02415400280015,385.87290313396426,09:27:00
-6.958974358974359,38.03439078844838,385.6598979402574,09:27:15
-6.920512820512821,38.0446275740966,385.4468927465506,09:27:30
-6.8820512820512825,38.054864359744826,385.2338875528437,09:27:45
-6.843589743589743,38.06510114539305,385.0208823591369,09:28:00
-6.805128205128205,38.075337931041275,384.80787716543006,09:28:15
-6.766666666666667,38.0855747166895,384.59487197172325,09:28:30
-6.728205128205128,38.09581150233773,384.3818667780164,09:28:45
-6.68974358974359,38.106048287985956,384.1688615843096,09:29:00
-6.651282051282052,38.11628507363418,383.9558563906027,09:29:15
-6.612820512820512,38.126521859282406,383.7428511968959,09:29:30
-6.574358974358974,38.13675864493063,383.52984600318905,09:29:45
-6.535897435897436,38.146995430578855,383.31684080948224,09:30:00
-6.497422680412371,38.15723538899294,383.1023886860394,09:30:15
-6.458762886597938,38.16751976612893,382.8676795462921,09:30:30
-6.420103092783505,38.177804143264936,382.6329704065448,09:30:45
-6.381443298969073,38.18808852040094,382.39826126679753,09:31:00
-6.342783505154639,38.19837289753694,382.1635521270502,09:31:15
-6.304123711340206,38.20865727467294,381.9288429873029,09:31:30
-6.265463917525773,38.21894165180894,381.69413384755563,09:31:45
-6.22680412371134,38.22922602894494,381.45942470780835,09:32:00
-6.188144329896907,38.239510406080946,381.2247155680611,09:32:15
-6.149484536082475,38.24979478321694,380.9900064283138,09:32:30
-6.110824742268041,38.260079160352944,380.7552972885665,09:32:45
-6.072164948453608,38.27036353748895,380.5205881488192,09:33:00
-6.033505154639175,38.28064791462495,380.2858790090719,09:33:15
-5.994845360824742,38.29093160170114,380.05276771062694,09:33:30
-5.956185567010309,38.301210803388585,379.8300423806472,09:33:45
-5.917525773195877,38.31149000507603,379.6073170506675,09:34:00
-5.878865979381444,38.32176920676348,379.38459172068775,09:34:15
-5.84020618556701,38.33204840845092,379.16186639070804,09:34:30
-5.801546391752577,38.34232761013837,378.9391410607283,09:34:45
-5.762886597938144,38.352606811825815,378.71641573074857,09:35:00
-5.724226804123711,38.362886013513254,378.49369040076886,09:35:15
-5.685567010309279,38.3731652152007,378.2709650707891,09:35:30
-5.646907216494846,38.383444416888146,378.0482397408094,09:35:45
-5.608247422680412,38.39372361857559,377.82551441082967,09:36:00
-5.569587628865979,38.40400282026304,377.6027890808499,09:36:15
-5.530927835051546,38.414282021950484,377.3800637508702,09:36:30
-5.492307692307692,38.42454965108541,377.1601477910586,09:36:45
-5.453846153846154,38.43477099001025,376.9514693119196,09:37:00
-5.415384615384616,38.44499232893509,376.7427908327806,09:37:15
-5.376923076923077,38.45521366785994,376.5341123536416,09:37:30
-5.338461538461538,38.46543500678478,376.3254338745026,09:37:45
-5.3,38.47565634570962,376.11675539536355,09:38:00
-5.2615384615384615,38.48587768463447,375.90807691622456,09:38:15
-5.223076923076923,38.49609902355931,375.69939843708556,09:38:30
-5.184615384615385,38.50632036248415,375.49071995794657,09:38:45
-5.1461538461538465,38.516541701409,375.28204147880757,09:39:00
-5.107692307692307,38.52676304033384,375.0733629996686,09:39:15
-5.069230769230769,38.53698437925868,374.8646845205295,09:39:30
-5.030769230769231,38.54720571818353,374.6560060413905,09:39:45
-4.992307692307692,38.55742602732681,374.4499084961838,09:40:00
-4.953846153846154,38.56764221734386,374.25413468670615,09:40:15
-4.915384615384616,38.57785840736091,374.0583608772285,09:40:30
-4.876923076923077,38.588074597377954,373.86258706775084,09:40:45
-4.838461538461538,38.59829078739501,373.6668132582732,09:41:00
-4.8,38.608506977412056,373.4710394487955,09:41:15
-4.7615384615384615,38.6187231674291,373.27526563931787,09:41:30
-4.723076923076923,38.62893935744615,373.0794918298402,09:41:45
-4.684615384615385,38.6391555474632,372.88371802036255,09:42:00
-4.6461538461538465,38.649371737480244,372.6879442108849,09:42:15
-4.607692307692307,38.6595879274973,372.49217040140724,09:42:30
-4.569230769230769,38.669804117514346,372.2963965919296,09:42:45
-4.530769230769231,38.68002030753139,372.1006227824519,09:43:00
-4.492307692307692,38.69023546776688,371.90742990690654,09:43:15
-4.453846153846154,38.700446508876134,371.7245607670902,09:43:30
-4.415384615384616,38.71065754998539,371.54169162727385,09:43:45
-4.376923076923077,38.72086859109465,371.35882248745753,09:44:00
-4.338461538461538,38.7310796322039,371.1759533476412,09:44:15
-4.3,38.74129067331316,370.9930842078249,09:44:30
-4.2615384615384615,38.75150171442241,370.8102150680086,09:44:45
-4.223076923076923,38.76171275553167,370.62734592819226,09:45:00
-4.184615384615385,38.77192379664092,370.44447678837594,09:45:15
-4.1461538461538465,38.78213483775018,370.26160764855956,09:45:30
-4.107692307692307,38.79234587885943,370.07873850874324,09:45:45
-4.069230769230769,38.80255691996869,369.8958693689269,09:46:00
-4.030769230769231,38.81276796107794,369.7130002291106,09:46:15
-3.9922680412371134,38.82298849394399,369.5325368021233,09:46:30
-3.9536082474226806,38.83324699383721,369.36169622645207,09:46:45
-3.9149484536082473,38.84350549373043,369.1908556507808,09:47:00
-3.8762886597938144,38.85376399362365,369.0200150751096,09:47:15
-3.8376288659793816,38.86402249351688,368.84917449943833,09:47:30
-3.7989690721649483,38.874280993410096,368.6783339237671,09:47:45
-3.7603092783505154,38.88453949330332,368.50749334809586,09:48:00
-3.7216494845360826,38.89479799319654,368.3366527724246,09:48:15
-3.6829896907216493,38.90505649308976,368.1658121967534,09:48:30
-3.6443298969072164,38.915314992982985,367.99497162108213,09:48:45
-3.6056701030927836,38.925573492876204,367.8241310454109,09:49:00
-3.5670103092783507,38.93583199276943,367.65329046973966,09:49:15
-3.5283505154639174,38.94609049266265,367.48244989406845,09:49:30
-3.48974358974359,38.95632950441753,367.3152841917779,09:49:45
-3.4512820512820515,38.966514923791976,367.15822439128425,09:50:00
-3.4128205128205127,38.97670034316643,367.0011645907906,09:50:15
-3.3743589743589744,38.98688576254087,366.84410479029697,09:50:30
-3.335897435897436,38.99707118191532,366.6870449898033,09:50:45
-3.2974358974358973,39.00725660128977,366.5299851893097,09:51:00
-3.258974358974359,39.01744202066421,366.37292538881604,09:51:15
-3.2205128205128206,39.02762744003866,366.2158655883224,09:51:30
-3.182051282051282,39.03781285941311,366.05880578782876,09:51:45
-3.1435897435897435,39.04799827878755,365.9017459873351,09:52:00
-3.105128205128205,39.058183698162004,365.7446861868415,09:52:15
-3.066666666666667,39.06836911753645,365.58762638634784,09:52:30
-3.028205128205128,39.07855453691089,365.4305665858542,09:52:45
-2.9896907216494846,39.08873420272147,365.276749879221,09:53:00
-2.9510309278350517,39.098898046231376,365.13185168070396,09:53:15
-2.9123711340206184,39.10906188974129,364.98695348218695,09:53:30
-2.8737113402061856,39.1192257332512,364.84205528367,09:53:45
-2.8350515463917527,39.129389576761106,364.697157085153,09:54:00
-2.7963917525773194,39.13955342027102,364.55225888663597,09:54:15
-2.7577319587628866,39.14971726378093,364.40736068811896,09:54:30
-2.7190721649484537,39.15988110729084,364.26246248960194,09:54:45
-2.6804123711340204,39.17004495080075,364.11756429108493,09:55:00
-2.6417525773195876,39.18020879431066,363.9726660925679,09:55:15
-2.6030927835051547,39.19037263782057,363.8277678940509,09:55:30
-2.5644329896907214,39.20053648133048,363.6828696955339,09:55:45
-2.5257731958762886,39.210700324840396,363.53797149701694,09:56:00
-2.4871134020618557,39.22083795469874,363.39739702802564,09:56:15
-2.448453608247423,39.23092315725395,363.26547001808575,09:56:30
-2.4097938144329896,39.24100835980916,363.13354300814586,09:56:45
-2.3711340206185567,39.25109356236437,363.001615998206,09:57:00
-2.332474226804124,39.26117876491958,362.86968898826615,09:57:15
-2.2938144329896906,39.27126396747479,362.73776197832626,09:57:30
-2.2551546391752577,39.28134917003,362.6058349683864,09:57:45
-2.216494845360825,39.2914343725852,362.4739079584465,09:58:00
-2.1778350515463916,39.30151957514041,362.34198094850666,09:58:15
-2.1391752577319587,39.31160477769562,362.2100539385668,09:58:30
-2.100515463917526,39.32168998025083,362.0781269286269,09:58:45
-2.0618556701030926,39.33177518280604,361.946199918687,09:59:00
-2.0231958762886597,39.34186038536125,361.8142729087471,09:59:15
-1.9845360824742269,39.35191413153458,361.6875343742381,09:59:30
-1.9458762886597938,39.36192069313509,361.56857855287535,09:59:45
-1.9072164948453607,39.3719272547356,361.4496227315126,10:00:00
-1.8685567010309279,39.38193381633611,361.33066691014983,10:00:15
-1.8298969072164948,39.39194037793662,361.21171108878707,10:00:30
-1.791237113402062,39.401946939537126,361.0927552674243,10:00:45
-1.7525773195876289,39.41195350113764,360.97379944606155,10:01:00
-1.7139175257731958,39.42196006273815,360.8548436246988,10:01:15
-1.675257731958763,39.431966624338656,360.735887803336,10:01:30
-1.6365979381443299,39.44197318593917,360.61693198197327,10:01:45
-1.597938144329897,39.451979747539674,360.49797616061045,10:02:00
-1.559278350515464,39.46198630914019,360.3790203392477,10:02:15
-1.5206185567010309,39.47199287074069,360.2600645178849,10:02:30
-1.4818652849740932,39.481986738563904,360.14690565104314,10:02:45
-1.4430051813471503,39.491966099213066,360.0403718750825,10:03:00
-1.4041450777202074,39.50194545986222,359.9338380991218,10:03:15
-1.3652849740932642,39.511924820511375,359.82730432316106,10:03:30
-1.3264248704663213,39.52190418116053,359.7207705472004,10:03:45
-1.2875647668393781,39.53188354180969,359.6142367712397,10:04:00
-1.2487046632124352,39.541862902458845,359.50770299527903,10:04:15
-1.2098445595854923,39.551842263108,359.4011692193183,10:04:30
-1.1709844559585492,39.561821623757154,359.2946354433576,10:04:45
-1.1321243523316062,39.571800984406316,359.18810166739695,10:05:00
-1.093264248704663,39.58178034505547,359.08156789143624,10:05:15
-1.0544041450777202,39.591759705704625,358.9750341154755,10:05:30
-1.0155440414507773,39.60173906635378,358.86850033951487,10:05:45
-0.9768041237113402,39.61164037842811,358.77007876260546,10:06:00
-0.9381443298969072,39.62148965811922,358.67706531839696,10:06:15
-0.8994845360824743,39.631338937810334,358.58405187418845,10:06:30
-0.8608247422680413,39.641188217501444,358.4910384299799,10:06:45
-0.8221649484536082,39.651037497192554,358.39802498577137,10:07:00
-0.7835051546391752,39.660886776883665,358.30501154156286,10:07:15
-0.7448453608247423,39.670736056574775,358.21199809735435,10:07:30
-0.7061855670103092,39.680585336265885,358.11898465314584,10:07:45
-0.6675257731958762,39.690434615956995,358.0259712089373,10:08:00
-0.6288659793814433,39.700283895648106,357.93295776472877,10:08:15
-0.5902061855670103,39.710133175339216,357.83994432052026,10:08:30
-0.5515463917525774,39.719982455030326,357.74693087631175,10:08:45
-0.5128865979381443,39.72983173472144,357.6539174321032,10:09:00
-0.4742268041237113,39.739628587109415,357.5695514469461,10:09:15
-0.43556701030927836,39.74939922584583,357.4895091913147,10:09:30
-0.3969072164948454,39.75916986458224,357.4094669356833,10:09:45
-0.3582474226804124,39.768940503318646,357.32942468005194,10:10:00
-0.31958762886597936,39.77871114205506,357.2493824244205,10:10:15
-0.2809278350515464,39.78848178079147,357.1693401687891,10:10:30
-0.2422680412371134,39.79825241952788,357.08929791315774,10:10:45
-0.2036082474226804,39.80802305826429,357.00925565752635,10:11:00
-0.16494845360824742,39.8177936970007,356.92921340189497,10:11:15
-0.12628865979381443,39.827564335737115,356.84917114626353,10:11:30
-0.08762886597938144,39.83733497447352,356.76912889063215,10:11:45
-0.04896907216494845,39.84710561320993,356.68908663500076,10:12:00
-0.010309278350515464,39.856876251946346,356.6090443793694,10:12:15
0.02849740932642487,39.86662604689304,356.53825948180764,10:12:30
0.06735751295336788,39.87636826227983,356.4708408962712,10:12:45
0.10621761658031088,39.886110477666634,356.4034223107348,10:13:00
0.14507772020725387,39.89585269305343,356.3360037251984,10:13:15
0.18393782383419688,39.90559490844023,356.268585139662,10:13:30
0.22279792746113988,39.91533712382702,356.20116655412556,10:13:45
0.26165803108808294,39.925079339213816,356.13374796858915,10:14:00
0.3005181347150259,39.93482155460062,356.06632938305273,10:14:15
0.3393782383419689,39.94456376998741,355.9989107975163,10:14:30
0.37823834196891193,39.95430598537421,355.93149221197984,10:14:45
0.4170984455958549,39.964048200761006,355.8640736264434,10:15:00
0.45595854922279794,39.9737904161478,355.796655040907,10:15:15
0.4948186528497409,39.9835326315346,355.7292364553706,10:15:30
0.533678756476684,39.99320633829005,355.67311781373456,10:15:45
0.572538860103627,40.00286950525606,355.6187376250062,10:16:00
0.6113989637305699,40.01253267222207,355.5643574362779,10:16:15
0.6502590673575129,40.022195839188086,355.50997724754956,10:16:30
0.689119170984456,40.03185900615409,355.4555970588212,10:16:45
0.727979274611399,40.04152217312011,355.40121687009287,10:17:00
0.766839378238342,40.05118534008612,355.34683668136455,10:17:15
0.805699481865285,40.060848507052135,355.29245649263623,10:17:30
0.844559585492228,40.07051167401814,355.23807630390786,10:17:45
0.883419689119171,40.08017484098416,355.18369611517954,10:18:00
0.9222797927461139,40.08983800795017,355.1293159264512,10:18:15
0.961139896373057,40.09950117491618,355.07493573772285,10:18:30
1.0,40.10916434188219,355.02055554899454,10:18:45
1.038860103626943,40.11874846042742,354.9792137570743,10:19:00
1.077720207253886,40.12833257897264,354.93787196515405,10:19:15
1.116580310880829,40.137916697517866,354.8965301732338,10:19:30
1.1554404145077721,40.147500816063086,354.8551883813136,10:19:45
1.194300518134715,40.157084934608314,354.81384658939334,10:20:00
1.233160621761658,40.166669053153534,354.7725047974731,10:20:15
1.2720207253886011,40.17625317169876,354.7311630055529,10:20:30
1.310880829015544,40.18583729024398,354.6898212136326,10:20:45
1.349740932642487,40.19542140878921,354.6484794217124,10:21:00
1.38860103626943,40.20500552733443,354.6071376297922,10:21:15
1.427461139896373,40.214589645879656,354.5657958378719,10:21:30
1.4663212435233162,40.224173764424876,354.5244540459517,10:21:45
1.505181347150259,40.23374734318066,354.4848507069392,10:22:00
1.544041450777202,40.2432524133051,354.456547311827,10:22:15
1.5829015544041452,40.25275748342954,354.4282439167149,10:22:30
1.621761658031088,40.262262553553974,354.39994052160273,10:22:45
1.660621761658031,40.271767623678414,354.37163712649055,10:23:00
1.6994818652849741,40.281272693802855,354.34333373137844,10:23:15
1.738341968911917,40.290777763927295,354.31503033626626,10:23:30
1.7772020725388602,40.30028283405173,354.2867269411541,10:23:45
1.8160621761658031,40.30978790417617,354.25842354604197,10:24:00
1.854922279792746,40.31929297430061,354.2301201509298,10:24:15
1.8937823834196892,40.32879804442504,354.2018167558176,10:24:30
1.932642487046632,40.33830311454948,354.1735133607055,10:24:45
1.971502590673575,40.34780818467392,354.1452099655933,10:25:00
2.010362694300518,40.357292175219484,354.12038347629664,10:25:15
2.0492227979274613,40.36671819692314,354.1051184779926,10:25:30
2.088082901554404,40.376144218626784,354.08985347968854,10:25:45
2.126943005181347,40.38557024033044,354.0745884813845,10:26:00
2.1658031088082903,40.39499626203409,354.05932348308045,10:26:15
2.204663212435233,40.404422283737745,354.0440584847764,10:26:30
2.243523316062176,40.4138483054414,354.02879348647235,10:26:45
2.2823834196891193,40.423274327145045,354.0135284881683,10:27:00
2.321243523316062,40.4327003488487,353.99826348986426,10:27:15
2.360103626943005,40.44212637055235,353.9829984915602,10:27:30
2.3989637305699483,40.451552392256005,353.96773349325616,10:27:45
2.437823834196891,40.46097841395965,353.9524684949521,10:28:00
2.476683937823834,40.470404435663305,353.93720349664807,10:28:15
2.5155440414507773,40.47979883799864,353.9271538570672,10:28:30
2.5544041450777204,40.48914581128151,353.9249272555712,10:28:45
2.593264248704663,40.49849278456438,353.92270065407524,10:29:00
2.6321243523316062,40.507839757847236,353.92047405257927,10:29:15
2.6709844559585494,40.5171867311301,353.9182474510833,10:29:30
2.709844559585492,40.52653370441297,353.9160208495873,10:29:45
2.7487046632124352,40.535880677695836,353.91379424809134,10:30:00
2.7875647668393784,40.5452276509787,353.91156764659536,10:30:15
2.826424870466321,40.55457462426156,353.9093410450994,10:30:30
2.865284974093264,40.56392159754443,353.9071144436034,10:30:45
2.9041450777202074,40.573268570827295,353.9048878421075,10:31:00
2.94300518134715,40.58261554411016,353.9026612406115,10:31:15
2.981865284974093,40.59196251739303,353.90043463911553,10:31:30
3.0207253886010363,40.60126733151814,353.90516184925053,10:31:45
3.0595854922279795,40.61053525638022,353.91597364456265,10:32:00
3.098445595854922,40.6198031812423,353.9267854398748,10:32:15
3.1373056994818653,40.62907110610438,353.9375972351869,10:32:30
3.1761658031088085,40.63833903096645,353.948409030499,10:32:45
3.215025906735751,40.64760695582853,353.95922082581114,10:33:00
3.2538860103626943,40.65687488069061,353.9700326211232,10:33:15
3.2927461139896375,40.66614280555269,353.98084441643533,10:33:30
3.33160621761658,40.67541073041477,353.99165621174745,10:33:45
3.3704663212435233,40.68467865527684,354.0024680070596,10:34:00
3.4093264248704664,40.69394658013892,354.0132798023717,10:34:15
3.448186528497409,40.703214505001,354.0240915976838,10:34:30
3.4870466321243523,40.71248242986308,354.03490339299594,10:34:45
3.5260416666666665,40.72172956159894,354.05449026600553,10:35:00
3.5651041666666665,40.7309662967717,354.0784646778638,10:35:15
3.6041666666666665,40.74020303194446,354.1024390897221,10:35:30
3.6432291666666665,40.74943976711722,354.1264135015804,10:35:45
3.6822916666666665,40.75867650228997,354.1503879134387,10:36:00
3.7213541666666665,40.767913237462736,354.17436232529695,10:36:15
3.7604166666666665,40.77714997263549,354.1983367371552,10:36:30
3.7994791666666665,40.78638670780825,354.22231114901354,10:36:45
3.8385416666666665,40.795623442981004,354.2462855608718,10:37:00
3.8776041666666665,40.80486017815377,354.2702599727301,10:37:15
3.9166666666666665,40.81409691332652,354.2942343845884,10:37:30
3.9557291666666665,40.82333364849928,354.31820879644664,10:37:45
3.9947916666666665,40.832570383672035,354.34218320830496,10:38:00
4.033854166666667,40.84173825339766,354.3688282960746,10:38:15
4.072916666666667,40.8508955284391,354.39588425706137,10:38:30
4.111979166666667,40.86005280348055,354.42294021804815,10:38:45
4.151041666666667,40.869210078521995,354.44999617903494,10:39:00
4.190104166666667,40.87836735356344,354.4770521400217,10:39:15
4.229166666666667,40.887524628604886,354.50410810100846,10:39:30
4.268229166666667,40.89668190364633,354.53116406199524,10:39:45
4.307291666666667,40.90583917868778,354.558220022982,10:40:00
4.346354166666667,40.91499645372922,354.5852759839688,10:40:15
4.385416666666667,40.92415372877067,354.6123319449556,10:40:30
4.424479166666667,40.933311003812115,354.6393879059424,10:40:45
4.463541666666667,40.94246827885356,354.6664438669291,10:41:00
4.502604166666667,40.95162025655292,354.6930370420481,10:41:15
4.541666666666667,40.96069807146306,354.71315121501743,10:41:30
4.580729166666667,40.96977588637319,354.7332653879867,10:41:45
4.619791666666667,40.97885370128333,354.75337956095603,10:42:00
4.658854166666667,40.98793151619346,354.77349373392536,10:42:15
4.697916666666667,40.9970093311036,354.7936079068947,10:42:30
4.736979166666667,41.00608714601373,354.813722079864,10:42:45
4.776041666666667,41.01516496092387,354.83383625283335,10:43:00
4.815104166666667,41.024242775834004,354.8539504258027,10:43:15
4.854166666666667,41.03332059074414,354.87406459877195,10:43:30
4.893229166666667,41.042398405654275,354.8941787717413,10:43:45
4.932291666666667,41.05147622056441,354.9142929447106,10:44:00
4.971354166666667,41.060554035474546,354.93440711767994,10:44:15
5.010416666666667,41.06961066101633,354.9526701471779,10:44:30
5.049479166666667,41.07860901579515,354.9658425321298,10:44:45
5.088541666666667,41.08760737057398,354.97901491708166,10:45:00
5.127604166666667,41.0966057253528,354.9921873020335,10:45:15
5.166666666666667,41.10560408013162,355.0053596869854,10:45:30
5.205729166666667,41.114602434910445,355.0185320719372,10:45:45
5.244791666666667,41.12360078968927,355.0317044568891,10:46:00
5.283854166666667,41.132599144468095,355.04487684184096,10:46:15
5.322916666666667,41.14159749924692,355.05804922679283,10:46:30
5.361979166666667,41.15059585402574,355.0712216117447,10:46:45
5.401041666666667,41.15959420880456,355.0843939966965,10:47:00
5.440104166666667,41.16859256358339,355.0975663816484,10:47:15
5.479166666666667,41.17759091836221,355.11073876660026,10:47:30
5.518229166666667,41.18655219174642,355.12067165047733,10:47:45
5.557291666666667,41.19547108639394,355.12690224741175,10:48:00
5.596354166666667,41.20438998104145,355.13313284434616,10:48:15
5.635416666666667,41.21330887568896,355.1393634412806,10:48:30
5.674479166666667,41.222227770336474,355.145594038215,10:48:45
5.713541666666667,41.23114666498399,355.1518246351494,10:49:00
5.752604166666667,41.240065559631496,355.1580552320839,10:49:15
5.791666666666667,41.24898445427901,355.1642858290183,10:49:30
5.830729166666667,41.257903348926526,355.1705164259527,10:49:45
5.869791666666667,41.26682224357404,355.1767470228871,10:50:00
5.908854166666667,41.27574113822155,355.18297761982154,10:50:15
5.947916666666667,41.28466003286906,355.18920821675596,10:50:30
5.986979166666667,41.29357892751658,355.1954388136904,10:50:45
6.026041666666667,41.302444848743214,355.1970415519465,10:51:00
6.065104166666667,41.31128428325941,355.19633036086344,10:51:15
6.104166666666667,41.320123717775616,355.19561916978046,10:51:30
6.143229166666667,41.32896315229181,355.1949079786974,10:51:45
6.182291666666667,41.33780258680802,355.1941967876144,10:52:00
6.221354166666667,41.346642021324215,355.19348559653133,10:52:15
6.260416666666667,41.35548145584042,355.1927744054483,10:52:30
6.299479166666667,41.364320890356616,355.19206321436525,10:52:45
6.338541666666667,41.37316032487282,355.1913520232822,10:53:00
6.377604166666667,41.38199975938902,355.19064083219916,10:53:15
6.416666666666667,41.39083919390522,355.1899296411161,10:53:30
6.455729166666667,41.39967862842142,355.1892184500331,10:53:45
6.494791666666667,41.408518062937624,355.18850725895004,10:54:00
6.534031413612565,41.41732838058156,355.1817451260256,10:54:15
6.5732984293193715,41.42613421870668,355.17405207897167,10:54:30
6.612565445026178,41.434940056831806,355.1663590319178,10:54:45
6.651832460732984,41.44374589495693,355.1586659848639,10:55:00
6.69109947643979,41.45255173308205,355.15097293780997,10:55:15
6.730366492146596,41.46135757120718,355.1432798907561,10:55:30
6.769633507853404,41.4701634093323,355.1355868437022,10:55:45
6.80890052356021,41.47896924745743,355.1278937966483,10:56:00
6.848167539267016,41.48777508558255,355.1202007495944,10:56:15
6.887434554973822,41.496580923707675,355.1125077025405,10:56:30
6.9267015706806285,41.5053867618328,355.1048146554866,10:56:45
6.965968586387435,41.51419259995792,355.0971216084327,10:57:00
7.005235602094241,41.522987787929324,355.0884981437178,10:57:15
7.044502617801047,41.531713749901506,355.0738269642066,10:57:30
7.0837696335078535,41.54043971187369,355.05915578469535,10:57:45
7.12303664921466,41.54916567384588,355.04448460518415,10:58:00
7.162303664921466,41.55789163581806,355.0298134256729,10:58:15
7.201570680628272,41.56661759779024,355.01514224616164,10:58:30
7.2408376963350785,41.57534355976243,355.00047106665045,10:58:45
7.280104712041885,41.58406952173461,354.9857998871392,10:59:00
7.319371727748691,41.592795483706794,354.971128707628,10:59:15
7.358638743455497,41.60152144567898,354.95645752811674,10:59:30
7.397905759162303,41.610247407651165,354.94178634860555,10:59:45
7.43717277486911,41.61897336962335,354.9271151690943,11:00:00
7.476439790575916,41.62769933159553,354.9124439895831,11:00:15
7.515625,41.63637533042775,354.8950266598222,11:00:30
7.5546875,41.64497638455002,354.87349010468677,11:00:45
7.59375,41.653577438672286,354.8519535495514,11:01:00
7.6328125,41.66217849279455,354.83041699441605,11:01:15
7.671875,41.67077954691682,354.80888043928064,11:01:30
7.7109375,41.679380601039085,354.78734388414523,11:01:45
7.75,41.68798165516135,354.7658073290099,11:02:00
7.7890625,41.69658270928362,354.7442707738745,11:02:15
7.828125,41.705183763405884,354.7227342187391,11:02:30
7.8671875,41.71378481752815,354.7011976636037,11:02:45
7.90625,41.72238587165042,354.67966110846834,11:03:00
7.9453125,41.73098692577268,354.658124553333,11:03:15
7.984375,41.73958797989496,354.63658799819757,11:03:30
8.023560209424083,41.74816812734364,354.6107969094879,11:03:45
8.06282722513089,41.756734337009945,354.58216946506195,11:04:00
8.102094240837696,41.765300546676244,354.5535420206361,11:04:15
8.141361256544503,41.77386675634254,354.52491457621016,11:04:30
8.180628272251308,41.78243296600884,354.4962871317843,11:04:45
8.219895287958115,41.79099917567515,354.4676596873584,11:05:00
8.25916230366492,41.799565385341445,354.43903224293246,11:05:15
8.298429319371728,41.808131595007744,354.4104047985066,11:05:30
8.337696335078533,41.81669780467405,354.38177735408067,11:05:45
8.37696335078534,41.82526401434035,354.35314990965475,11:06:00
8.416230366492147,41.83383022400665,354.3245224652289,11:06:15
8.455497382198953,41.84239643367295,354.29589502080296,11:06:30
8.49476439790576,41.85096264333925,354.2672675763771,11:06:45
8.534031413612565,41.85945962700634,354.2325924171548,11:07:00
8.573298429319372,41.8679459605197,354.19698684027156,11:07:15
8.612565445026178,41.87643229403306,354.16138126338836,11:07:30
8.651832460732985,41.88491862754642,354.1257756865051,11:07:45
8.69109947643979,41.89340496105978,354.0901701096219,11:08:00
8.730366492146597,41.90189129457314,354.05456453273865,11:08:15
8.769633507853403,41.91037762808649,354.01895895585545,11:08:30
8.80890052356021,41.918863961599854,353.9833533789722,11:08:45
8.848167539267015,41.927350295113214,353.947747802089,11:09:00
8.887434554973822,41.935836628626575,353.91214222520574,11:09:15
8.926701570680628,41.944322962139935,353.87653664832254,11:09:30
8.965968586387435,41.952809295653296,353.8409310714393,11:09:45
9.00523560209424,41.961285296759804,353.8043950768951,11:10:00
9.044502617801047,41.96969413722179,353.7618113675545,11:10:15
9.083769633507853,41.978102977683776,353.7192276582139,11:10:30
9.12303664921466,41.98651181814576,353.6766439488734,11:10:45
9.162303664921467,41.99492065860775,353.6340602395328,11:11:00
9.201570680628272,42.00332949906973,353.5914765301922,11:11:15
9.24083769633508,42.01173833953171,353.5488928208516,11:11:30
9.280104712041885,42.02014717999369,353.5063091115111,11:11:45
9.319371727748692,42.02855602045568,353.4637254021705,11:12:00
9.358638743455497,42.036964860917664,353.4211416928299,11:12:15
9.397905759162304,42.045373701379646,353.3785579834894,11:12:30
9.43717277486911,42.053782541841635,353.3359742741488,11:12:45
9.476439790575917,42.06219138230362,353.2933905648082,11:13:00
9.515706806282722,42.07058045339276,353.2480156024847,11:13:15
9.55497382198953,42.07893987042263,353.1984537606868,11:13:30
9.594240837696335,42.08729928745251,353.1488919188889,11:13:45
9.633507853403142,42.09565870448238,353.099330077091,11:14:00
9.672774869109947,42.10401812151226,353.04976823529313,11:14:15
9.712041884816754,42.112377538542134,353.0002063934952,11:14:30
9.75130890052356,42.12073695557201,352.95064455169734,11:14:45
9.790575916230367,42.129096372601886,352.9010827098994,11:15:00
9.829842931937172,42.137455789631765,352.85152086810155,11:15:15
9.86910994764398,42.14581520666164,352.8019590263036,11:15:30
9.908376963350785,42.15417462369152,352.75239718450575,11:15:45
9.947643979057592,42.16253404072139,352.70283534270783,11:16:00
9.986910994764397,42.17089345775127,352.65327350090996,11:16:15
10.026178010471204,42.179225329788764,352.5990595708072,11:16:30
10.065445026178011,42.18754342933007,352.5425195965519,11:16:45
10.104712041884817,42.195861528871376,352.4859796222967,11:17:00
10.143979057591624,42.20417962841268,352.42943964804147,11:17:15
10.18324607329843,42.21249772795399,352.37289967378626,11:17:30
10.222513089005236,42.220815827495294,352.316359699531,11:17:45
10.261780104712042,42.2291339270366,352.2598197252758,11:18:00
10.301047120418849,42.23745202657791,352.20327975102055,11:18:15
10.340314136125654,42.24577012611922,352.14673977676534,11:18:30
10.379581151832461,42.254088225660524,352.0901998025101,11:18:45
10.418848167539267,42.26240632520183,352.0336598282549,11:19:00
10.458115183246074,42.270724424743136,351.9771198539996,11:19:15
10.497382198952879,42.27904252428444,351.9205798797444,11:19:30
10.536649214659686,42.287322060836416,351.8575269818623,11:19:45
10.575916230366492,42.295598842889156,351.79400887514976,11:20:00
10.615183246073299,42.303875624941895,351.73049076843716,11:20:15
10.654450261780104,42.31215240699463,351.6669726617246,11:20:30
10.693717277486911,42.32042918904737,351.60345455501204,11:20:45
10.732984293193716,42.328705971100106,351.53993644829944,11:21:00
10.772251308900524,42.33698275315284,351.4764183415869,11:21:15
10.811518324607329,42.34525953520558,351.4129002348743,11:21:30
10.850785340314136,42.35353631725832,351.3493821281617,11:21:45
10.890052356020943,42.36181309931105,351.2858640214492,11:22:00
10.929319371727749,42.37008988136379,351.2223459147366,11:22:15
10.968586387434556,42.37836666341653,351.158827808024,11:22:30
11.007853403141361,42.38663518197155,351.09391407481996,11:22:45
11.047120418848168,42.39487064653572,351.0234178356501,11:23:00
11.086387434554974,42.40310611109989,350.95292159648017,11:23:15
11.12565445026178,42.41134157566406,350.88242535731024,11:23:30
11.164921465968586,42.419577040228226,350.81192911814037,11:23:45
11.204188481675393,42.42781250479239,350.74143287897044,11:24:00
11.243455497382199,42.436047969356565,350.6709366398005,11:24:15
11.282722513089006,42.44428343392073,350.60044040063065,11:24:30
11.321989528795811,42.452518898484904,350.5299441614607,11:24:45
11.361256544502618,42.46075436304907,350.45944792229085,11:25:00
11.400523560209423,42.46898982761324,350.3889516831209,11:25:15
11.43979057591623,42.47722529217741,350.318455443951,11:25:30
11.479057591623036,42.48546075674158,350.2479592047811,11:25:45
11.518518518518519,42.493717404734916,350.1738239143083,11:26:00
11.558201058201059,42.501998262361575,350.09552970806067,11:26:15
11.597883597883598,42.51027911998824,350.01723550181305,11:26:30
11.637566137566138,42.518559977614906,349.9389412955654,11:26:45
11.677248677248677,42.52684083524157,349.8606470893178,11:27:00
11.716931216931217,42.53512169286823,349.7823528830702,11:27:15
11.756613756613756,42.543402550494896,349.7040586768225,11:27:30
11.796296296296296,42.55168340812156,349.6257644705749,11:27:45
11.835978835978835,42.55996426574823,349.5474702643273,11:28:00
11.875661375661375,42.568245123374886,349.46917605807965,11:28:15
11.915343915343914,42.57652598100155,349.39088185183203,11:28:30
11.955026455026456,42.58480683862822,349.3125876455844,11:28:45
11.994708994708995,42.593087696254884,349.2342934393368,11:29:00
12.034391534391535,42.601332366465634,349.14988752131086,11:29:15
12.074074074074074,42.60957146938163,349.0645413399344,11:29:30
12.113756613756614,42.61781057229762,348.9791951585579,11:29:45
12.153439153439153,42.626049675213615,348.89384897718145,11:30:00
12.193121693121693,42.63428877812961,348.80850279580494,11:30:15
12.232804232804233,42.6425278810456,348.7231566144285,11:30:30
12.272486772486772,42.650766983961596,348.63781043305204,11:30:45
12.312169312169312,42.65900608687759,348.55246425167553,11:31:00
12.351851851851851,42.66724518979358,348.4671180702991,11:31:15
12.39153439153439,42.675484292709584,348.3817718889226,11:31:30
12.431216931216932,42.68372339562558,348.2964257075461,11:31:45
12.470899470899472,42.69196249854157,348.21107952616967,11:32:00
12.510582010582011,42.70019046686805,348.12385281809213,11:32:15
12.55026455026455,42.70838781507337,348.03145466158685,11:32:30
12.58994708994709,42.7165851632787,347.9390565050815,11:32:45
12.62962962962963,42.72478251148402,347.84665834857617,11:33:00
12.66931216931217,42.732979859689344,347.7542601920709,11:33:15
12.708994708994709,42.74117720789467,347.66186203556555,11:33:30
12.748677248677248,42.749374556099994,347.56946387906027,11:33:45
12.788359788359788,42.757571904305316,347.4770657225549,11:34:00
12.828042328042327,42.765769252510644,347.3846675660496,11:34:15
12.867724867724867,42.773966600715966,347.2922694095443,11:34:30
12.907407407407407,42.782163948921294,347.19987125303896,11:34:45
12.947089947089948,42.790361297126616,347.1074730965336,11:35:00
12.986772486772487,42.79855864533194,347.01507494002834,11:35:15
13.02659574468085,42.80675707760779,346.9176228067292,11:35:30
13.066489361702128,42.814956051918905,346.81764368503315,11:35:45
13.106382978723405,42.82315502623002,346.71766456333717,11:36:00
13.14627659574468,42.83135400054113,346.61768544164113,11:36:15
13.186170212765957,42.839552974852246,346.5177063199451,11:36:30
13.226063829787234,42.84775194916336,346.41772719824905,11:36:45
13.26595744680851,42.855950923474474,346.317748076553,11:37:00
13.305851063829786,42.864149897785595,346.217768954857,11:37:15
13.345744680851064,42.87234887209671,346.11778983316094,11:37:30
13.38563829787234,42.88054784640782,346.0178107114649,11:37:45
13.425531914893616,42.888746820718936,345.91783158976887,11:38:00
13.465425531914894,42.89694579503005,345.81785246807283,11:38:15
13.505291005291005,42.90513341793755,345.71700361503457,11:38:30
13.544973544973544,42.91324725672153,345.61050150827157,11:38:45
13.584656084656086,42.92136109550551,345.50399940150857,11:39:00
13.624338624338625,42.929474934289495,345.39749729474556,11:39:15
13.664021164021165,42.93758877307348,345.29099518798256,11:39:30
13.703703703703704,42.94570261185746,345.1844930812196,11:39:45
13.743386243386244,42.95381645064145,345.0779909744566,11:40:00
13.783068783068783,42.96193028942543,344.9714888676936,11:40:15
13.822751322751323,42.970044128209416,344.8649867609306,11:40:30
13.862433862433862,42.97815796699339,344.7584846541676,11:40:45
13.902116402116402,42.98627180577738,344.65198254740466,11:41:00
13.941798941798941,42.99438564456136,344.54548044064165,11:41:15
13.981481481481481,43.002499483345346,344.43897833387865,11:41:30
14.02127659574468,43.010613952479595,344.32853897881284,11:41:45
14.061170212765957,43.01872897317032,344.2146545314821,11:42:00
14.101063829787234,43.02684399386104,344.10077008415135,11:42:15
14.14095744680851,43.03495901455177,343.98688563682055,11:42:30
14.180851063829786,43.04307403524249,343.8730011894898,11:42:45
14.220744680851064,43.051189055933214,343.75911674215905,11:43:00
14.26063829787234,43.05930407662394,343.6452322948283,11:43:15
14.300531914893616,43.06741909731466,343.53134784749756,11:43:30
14.340425531914894,43.07553411800539,343.4174634001668,11:43:45
14.38031914893617,43.08364913869612,343.303578952836,11:44:00
14.420212765957446,43.09176415938684,343.18969450550526,11:44:15
14.460106382978724,43.099879180077565,343.0758100581745,11:44:30
14.5,43.10799420076829,342.96192561084376,11:44:45
14.539893617021276,43.11606724464882,342.85025156384825,11:45:00
14.579787234042554,43.12414028852935,342.73857751685273,11:45:15
14.61968085106383,43.132213332409876,342.62690346985715,11:45:30
14.659574468085106,43.140286376290405,342.51522942286164,11:45:45
14.699468085106384,43.148359420170934,342.4035553758661,11:46:00
14.73936170212766,43.15643246405147,342.2918813288706,11:46:15
14.779255319148936,43.164505507932,342.1802072818751,11:46:30
14.819148936170214,43.17257855181253,342.0685332348795,11:46:45
14.85904255319149,43.18065159569306,341.956859187884,11:47:00
14.898936170212766,43.188724639573586,341.8451851408885,11:47:15
14.938829787234043,43.196797683454115,341.73351109389296,11:47:30
14.97872340425532,43.204870727334644,341.62183704689744,11:47:45
15.018518518518519,43.21290435224185,341.51349595261485,11:48:00
15.058201058201059,43.22089292689382,341.408963947147,11:48:15
15.097883597883598,43.22888150154579,341.30443194167924,11:48:30
15.137566137566138,43.23687007619777,341.1998999362114,11:48:45
15.177248677248677,43.244858650849736,341.09536793074363,11:49:00
15.216931216931217,43.25284722550171,340.9908359252758,11:49:15
15.256613756613756,43.260835800153686,340.886303919808,11:49:30
15.296296296296296,43.268824374805654,340.7817719143402,11:49:45
15.335978835978835,43.27681294945763,340.67723990887237,11:50:00
15.375661375661375,43.284801524109604,340.5727079034046,11:50:15
15.415343915343914,43.29279009876158,340.46817589793676,11:50:30
15.455026455026456,43.30077867341355,340.363643892469,11:50:45
15.494708994708995,43.30876724806552,340.25911188700115,11:51:00
15.534574468085106,43.31675626957791,340.1598058805942,11:51:15
15.574468085106384,43.32474535983805,340.0613038740427,11:51:30
15.61436170212766,43.33273445009819,339.9628018674913,11:51:45
15.654255319148936,43.340723540358326,339.86429986093987,11:52:00
15.694148936170214,43.348712630618465,339.7657978543884,11:52:15
15.73404255319149,43.356701720878604,339.66729584783695,11:52:30
15.773936170212766,43.36469081113874,339.5687938412855,11:52:45
15.813829787234043,43.37267990139888,339.47029183473404,11:53:00
15.85372340425532,43.38066899165902,339.3717898281826,11:53:15
15.893617021276595,43.38865808191916,339.2732878216312,11:53:30
15.933510638297872,43.3966471721793,339.1747858150797,11:53:45
15.97340425531915,43.40463626243944,339.0762838085283,11:54:00
16.013227513227513,43.412597344356406,338.98013925137417,11:54:15
16.052910052910054,43.42050240958704,338.88870959301477,11:54:30
16.09259259259259,43.428407474817675,338.79727993465536,11:54:45
16.132275132275133,43.436312540048306,338.7058502762959,11:55:00
16.17195767195767,43.44421760527894,338.6144206179365,11:55:15
16.211640211640212,43.452122670509574,338.5229909595771,11:55:30
16.25132275132275,43.460027735740205,338.4315613012177,11:55:45
16.29100529100529,43.46793280097084,338.3401316428583,11:56:00
16.33068783068783,43.47583786620147,338.24870198449884,11:56:15
16.37037037037037,43.483742931432104,338.15727232613943,11:56:30
16.41005291005291,43.49164799666274,338.06584266778003,11:56:45
16.44973544973545,43.49955306189337,337.97441300942063,11:57:00
16.48941798941799,43.50745812712401,337.8829833510612,11:57:15
16.529255319148938,43.51536324472132,337.7960268003533,11:57:30
16.569148936170212,43.52326838136107,337.71069683424594,11:57:45
16.60904255319149,43.53117351800082,337.6253668681386,11:58:00
16.648936170212767,43.53907865464057,337.5400369020312,11:58:15
16.68882978723404,43.54698379128032,337.45470693592387,11:58:30
16.72872340425532,43.55488892792007,337.3693769698165,11:58:45
16.768617021276597,43.56279406455982,337.28404700370913,11:59:00
16.80851063829787,43.57069920119956,337.1987170376018,11:59:15
16.84840425531915,43.57860433783931,337.11338707149446,11:59:30
16.888297872340427,43.58650947447906,337.02805710538706,11:59:45
16.9281914893617,43.59441461111881,336.9427271392797,12:00:00
16.96808510638298,43.60231974775856,336.85739717317233,12:00:15
17.00793650793651,43.61020816823221,336.7734677380363,12:00:30
17.047619047619047,43.618029724041506,336.69514042678526,12:00:45
17.08730158730159,43.6258512798508,336.6168131155342,12:01:00
17.126984126984127,43.63367283566009,336.5384858042832,12:01:15
17.166666666666668,43.64149439146939,336.46015849303217,12:01:30
17.206349206349206,43.64931594727868,336.38183118178114,12:01:45
17.246031746031747,43.65713750308797,336.3035038705301,12:02:00
17.285714285714285,43.66495905889726,336.2251765592791,12:02:15
17.325396825396826,43.672780614706554,336.14684924802805,12:02:30
17.365079365079364,43.68060217051585,336.068521936777,12:02:45
17.404761904761905,43.68842372632514,335.99019462552604,12:03:00
17.444444444444443,43.696245282134434,335.911867314275,12:03:15
17.484126984126984,43.70406683794373,335.833540003024,12:03:30
17.523936170212767,43.71188817007906,335.75891432312557,12:03:45
17.56382978723404,43.719709353098416,335.6867563974623,12:04:00
17.60372340425532,43.727530536117776,335.614598471799,12:04:15
17.643617021276597,43.735351719137135,335.5424405461357,12:04:30
17.68351063829787,43.743172902156495,335.47028262047246,12:04:45
17.72340425531915,43.750994085175854,335.39812469480916,12:05:00
17.763297872340427,43.758815268195214,335.32596676914585,12:05:15
17.8031914893617,43.76663645121457,335.2538088434826,12:05:30
17.84308510638298,43.77445763423393,335.1816509178193,12:05:45
17.882978723404257,43.78227881725329,335.109492992156,12:06:00
17.92287234042553,43.79010000027265,335.03733506649274,12:06:15
17.96276595744681,43.79792118329201,334.96517714082944,12:06:30
18.002659574468087,43.80573956785736,334.89345828318096,12:06:45
18.04255319148936,43.81351877406652,334.8278863777397,12:07:00
18.08244680851064,43.82129798027569,334.76231447229844,12:07:15
18.122340425531913,43.82907718648485,334.6967425668572,12:07:30
18.16223404255319,43.83685639269402,334.6311706614159,12:07:45
18.20212765957447,43.84463559890318,334.5655987559747,12:08:00
18.242021276595743,43.852414805112346,334.5000268505334,12:08:15
18.28191489361702,43.86019401132151,334.43445494509217,12:08:30
18.3218085106383,43.867973217530675,334.36888303965094,12:08:45
18.361702127659573,43.87575242373984,334.30331113420965,12:09:00
18.40159574468085,43.883531629949,334.2377392287684,12:09:15
18.44148936170213,43.89131083615816,334.17216732332713,12:09:30
18.481382978723403,43.89909004236733,334.1065954178859,12:09:45
18.52127659574468,43.90684686094439,334.04453605656306,12:10:00
18.56117021276596,43.914584090343354,333.98555017134385,12:10:15
18.601063829787233,43.92232131974232,333.92656428612463,12:10:30
18.64095744680851,43.93005854914129,333.8675784009054,12:10:45
18.680851063829788,43.93779577854026,333.8085925156862,12:11:00
18.720744680851062,43.945533007939225,333.749606630467,12:11:15
18.76063829787234,43.953270237338195,333.69062074524777,12:11:30
18.800531914893618,43.961007466737165,333.63163486002856,12:11:45
18.840425531914892,43.968744696136135,333.57264897480934,12:12:00
18.88031914893617,43.976481925535104,333.5136630895901,12:12:15
18.920212765957448,43.98421915493407,333.4546772043709,12:12:30
18.960106382978722,43.99195638433304,333.3956913191517,12:12:45
19.0,43.999693613732006,333.3367054339325,12:13:00
19.039893617021278,44.00738886632078,333.2843055689353,12:13:15
19.079787234042552,44.015084118909556,333.23190570393814,12:13:30
19.11968085106383,44.02277937149833,333.17950583894094,12:13:45
19.159574468085108,44.030474624087105,333.1271059739438,12:14:00
19.199468085106382,44.03816987667588,333.0747061089466,12:14:15
19.23936170212766,44.045865129264655,333.02230624394946,12:14:30
19.279255319148938,44.05356038185343,332.96990637895226,12:14:45
19.319148936170212,44.061255634442205,332.9175065139551,12:15:00
19.35904255319149,44.06895088703098,332.8651066489579,12:15:15
19.398936170212767,44.076646139619754,332.8127067839607,12:15:30
19.43882978723404,44.08434139220853,332.7603069189636,12:15:45
19.47872340425532,44.092036644797304,332.7079070539664,12:16:00
19.518617021276597,44.099712308207984,332.65858066507286,12:16:15
19.55851063829787,44.107365583986564,332.6127668202977,12:16:30
19.59840425531915,44.115018859765144,332.56695297552255,12:16:45
19.638297872340427,44.12267213554372,332.52113913074743,12:17:00
19.6781914893617,44.1303254113223,332.4753252859723,12:17:15
19.71808510638298,44.13797868710088,332.4295114411971,12:17:30
19.757978723404257,44.14563196287946,332.383697596422,12:17:45
19.79787234042553,44.15328523865804,332.33788375164687,12:18:00
19.83776595744681,44.16093851443662,332.29206990687175,12:18:15
19.877659574468087,44.1685917902152,332.24625606209656,12:18:30
19.91755319148936,44.17624506599378,332.20044221732144,12:18:45
19.95744680851064,44.18389834177236,332.1546283725463,12:19:00
19.997340425531913,44.19155161755094,332.1088145277712,12:19:15
20.03723404255319,44.19916571497334,332.06914763520325,12:19:30
20.07712765957447,44.206777013941725,332.0299198106502,12:19:45
20.117021276595743,44.2143883129101,331.9906919860971,12:20:00
20.15691489361702,44.22199961187849,331.951464161544,12:20:15
20.1968085106383,44.22961091084687,331.9122363369909,12:20:30
20.236702127659573,44.23722220981526,331.8730085124378,12:20:45
20.27659574468085,44.24483350878364,331.8337806878847,12:21:00
20.31648936170213,44.25244480775203,331.7945528633316,12:21:15
20.356382978723403,44.260056106720405,331.75532503877855,12:21:30
20.39627659574468,44.26766740568879,331.71609721422544,12:21:45
20.43617021276596,44.275278704657175,331.67686938967233,12:22:00
20.476063829787233,44.28289000362556,331.6376415651192,12:22:15
20.51595744680851,44.29048451186986,331.60104814865497,12:22:30
20.555851063829788,44.29805383402805,331.56840634432393,12:22:45
20.595744680851062,44.30562315618624,331.53576453999284,12:23:00
20.63563829787234,44.31319247834443,331.5031227356618,12:23:15
20.675531914893618,44.32076180050262,331.4704809313307,12:23:30
20.715425531914892,44.32833112266081,331.4378391269997,12:23:45
20.75531914893617,44.335900444819,331.40519732266864,12:24:00
20.795212765957448,44.34346976697719,331.37255551833755,12:24:15
20.835106382978722,44.35103908913538,331.3399137140065,12:24:30
20.875,44.35860841129357,331.3072719096754,12:24:45
20.914893617021278,44.36617773345176,331.2746301053444,12:25:00
20.954787234042552,44.37374705560995,331.2419883010133,12:25:15
20.99468085106383,44.38131637776814,331.20934649668226,12:25:30
21.034574468085108,44.38884932002416,331.18241257654364,12:25:45
21.074468085106382,44.39637666537215,331.1563567924346,12:26:00
21.11436170212766,44.40390401072015,331.1303010083256,12:26:15
21.154255319148938,44.41143135606814,331.1042452242166,12:26:30
21.194148936170212,44.41895870141614,331.07818944010756,12:26:45
21.23404255319149,44.42648604676413,331.0521336559986,12:27:00
21.273936170212767,44.43401339211212,331.0260778718896,12:27:15
21.31382978723404,44.441540737460116,331.00002208778056,12:27:30
21.35372340425532,44.44906808280811,330.97396630367155,12:27:45
21.393617021276597,44.456595428156106,330.9479105195625,12:28:00
21.43351063829787,44.4641227735041,330.9218547354535,12:28:15
21.47340425531915,44.4716501188521,330.8957989513445,12:28:30
21.513297872340427,44.47916347193003,330.8719385073095,12:28:45
21.5531914893617,44.48664884046782,330.85246874342255,12:29:00
21.59308510638298,44.49413420900562,330.83299897953555,12:29:15
21.632978723404257,44.50161957754342,330.81352921564854,12:29:30
21.67287234042553,44.509104946081216,330.7940594517616,12:29:45
21.71276595744681,44.516590314619016,330.7745896878746,12:30:00
21.752659574468087,44.524075683156816,330.75511992398765,12:30:15
21.79255319148936,44.53156105169462,330.73565016010065,12:30:30
21.83244680851064,44.53904642023241,330.71618039621364,12:30:45
21.872340425531913,44.54653178877021,330.6967106323267,12:31:00
21.91223404255319,44.55401715730801,330.6772408684397,12:31:15
21.95212765957447,44.56150252584581,330.65777110455275,12:31:30
21.992021276595743,44.5689878943836,330.63830134066575,12:31:45
22.032085561497325,44.57647152486032,330.62404527533647,12:32:00
22.072192513368982,44.58395472082176,330.6110926346466,12:32:15
22.112299465240643,44.5914379167832,330.59813999395664,12:32:30
22.1524064171123,44.59892111274464,330.58518735326675,12:32:45
22.192513368983956,44.60640430870608,330.57223471257686,12:33:00
22.232620320855617,44.613887504667524,330.55928207188697,12:33:15
22.272727272727273,44.621370700628965,330.5463294311971,12:33:30
22.31283422459893,44.62885389659041,330.5333767905072,12:33:45
22.352941176470587,44.63633709255185,330.5204241498173,12:34:00
22.393048128342247,44.64382028851329,330.5074715091274,12:34:15
22.433155080213904,44.65130348447473,330.4945188684375,12:34:30
22.47326203208556,44.65878668043617,330.48156622774763,12:34:45
22.513368983957218,44.66625580930258,330.47082066691826,12:35:00
22.553475935828878,44.6736968039789,330.4644892658099,12:35:15
22.593582887700535,44.68113779865523,330.4581578647015,12:35:30
22.63368983957219,44.68857879333155,330.45182646359314,12:35:45
22.67379679144385,44.69601978800788,330.4454950624848,12:36:00
22.71390374331551,44.7034607826842,330.4391636613764,12:36:15
22.754010695187166,44.71090177736053,330.432832260268,12:36:30
22.794117647058822,44.718342772036856,330.42650085915966,12:36:45
22.834224598930483,44.725783766713185,330.4201694580513,12:37:00
22.87433155080214,44.73322476138951,330.41383805694295,12:37:15
22.914438502673796,44.74066575606584,330.4075066558346,12:37:30
22.954545454545453,44.74810675074216,330.4011752547262,12:37:45
22.994652406417114,44.75554774541849,330.39484385361783,12:38:00
23.034574468085108,44.762918057734915,330.39424952401197,12:38:15
23.074468085106382,44.77027749584213,330.3945378207911,12:38:30
23.11436170212766,44.777636933949346,330.39482611757023,12:38:45
23.154255319148938,44.784996372056554,330.3951144143494,12:39:00
23.194148936170212,44.79235581016377,330.3954027111285,12:39:15
23.23404255319149,44.799715248270985,330.39569100790766,12:39:30
23.273936170212767,44.80707468637819,330.39597930468676,12:39:45
23.31382978723404,44.81443412448541,330.3962676014659,12:40:00
23.35372340425532,44.821793562592624,330.396555898245,12:40:15
23.393617021276597,44.82915300069983,330.3968441950242,12:40:30
23.43351063829787,44.83651243880705,330.3971324918033,12:40:45
23.47340425531915,44.843871876914264,330.39742078858245,12:41:00
23.513297872340427,44.85121732275141,330.3999044254356,12:41:15
23.5531914893617,44.85853478404843,330.40677874243676,12:41:30
23.59308510638298,44.86585224534545,330.41365305943793,12:41:45
23.632978723404257,44.873169706642464,330.4205273764391,12:42:00
23.67287234042553,44.880487167939485,330.4274016934403,12:42:15
23.71276595744681,44.887804629236506,330.43427601044147,12:42:30
23.752659574468087,44.895122090533526,330.44115032744264,12:42:45
23.79255319148936,44.90243955183054,330.4480246444438,12:43:00
23.83244680851064,44.90975701312756,330.454898961445,12:43:15
23.872340425531913,44.91707447442458,330.4617732784462,12:43:30
23.91223404255319,44.9243919357216,330.46864759544735,12:43:45
23.95212765957447,44.931709397018615,330.4755219124485,12:44:00
23.992021276595743,44.939026858315636,330.4823962294497,12:44:15
24.03191489361702,44.9463107381645,330.49453936262853,12:44:30
24.0718085106383,44.953586222651325,330.5079996998518,12:44:45
24.111702127659573,44.96086170713814,330.521460037075,12:45:00
24.15159574468085,44.96813719162497,330.5349203742982,12:45:15
24.19148936170213,44.975412676111794,330.5483807115214,12:45:30
24.231382978723403,44.98268816059861,330.5618410487446,12:45:45
24.27127659574468,44.98996364508544,330.57530138596786,12:46:00
24.31117021276596,44.997239129572264,330.58876172319106,12:46:15
24.351063829787233,45.00451461405909,330.6022220604143,12:46:30
24.39095744680851,45.01179009854591,330.6156823976375,12:46:45
24.430851063829788,45.019065583032734,330.62914273486075,12:47:00
24.470744680851062,45.02634106751956,330.64260307208394,12:47:15
24.510695187165776,45.03361567335279,330.6578482679724,12:47:30
24.550802139037433,45.04088786288865,330.67800182519005,12:47:45
24.59090909090909,45.048160052424514,330.6981553824077,12:48:00
24.63101604278075,45.055432241960375,330.71830893962544,12:48:15
24.671122994652407,45.062704431496236,330.7384624968431,12:48:30
24.711229946524064,45.0699766210321,330.7586160540608,12:48:45
24.75133689839572,45.07724881056796,330.77876961127845,12:49:00
24.79144385026738,45.08452100010382,330.7989231684962,12:49:15
24.831550802139038,45.09179318963969,330.81907672571384,12:49:30
24.871657754010695,45.09906537917555,330.8392302829315,12:49:45
24.91176470588235,45.10633756871141,330.8593838401492,12:50:00
24.951871657754012,45.11360975824727,330.8795373973669,12:50:15
24.99197860962567,45.12088194778313,330.89969095458457,12:50:30
25.032085561497325,45.1281203762909,330.92514150346744,12:50:45
25.072192513368982,45.135350364541644,330.9519163002667,12:51:00
25.112299465240643,45.14258035279239,330.9786910970659,12:51:15
25.1524064171123,45.14981034104314,331.0054658938651,12:51:30
25.192513368983956,45.157040329293885,331.0322406906643,12:51:45
25.232620320855617,45.164270317544634,331.0590154874635,12:52:00
25.272727272727273,45.17150030579538,331.0857902842627,12:52:15
25.31283422459893,45.178730294046126,331.1125650810619,12:52:30
25.352941176470587,45.18596028229687,331.1393398778611,12:52:45
25.393048128342247,45.19319027054762,331.1661146746603,12:53:00
25.433155080213904,45.20042025879836,331.1928894714595,12:53:15
25.47326203208556,45.20765024704911,331.2196642682587,12:53:30
25.513368983957218,45.214866168204814,331.24864614491844,12:53:45
25.553475935828878,45.222053955170445,331.2820421812992,12:54:00
25.593582887700535,45.229241742136075,331.3154382176799,12:54:15
25.63368983957219,45.236429529101706,331.3488342540606,12:54:30
25.67379679144385,45.24361731606734,331.3822302904413,12:54:45
25.71390374331551,45.250805103032974,331.41562632682206,12:55:00
25.754010695187166,45.257992889998604,331.4490223632028,12:55:15
25.794117647058822,45.265180676964235,331.4824183995835,12:55:30
25.834224598930483,45.272368463929865,331.5158144359642,12:55:45
25.87433155080214,45.279556250895496,331.54921047234495,12:56:00
25.914438502673796,45.286744037861126,331.58260650872563,12:56:15
25.954545454545453,45.29393182482676,331.61600254510637,12:56:30
25.994652406417114,45.30111961179239,331.6493985814871,12:56:45
26.03475935828877,45.30827082431092,331.68853302550514,12:57:00
26.074866310160427,45.31541640999143,331.72855030146735,12:57:15
26.114973262032084,45.32256199567195,331.76856757742956,12:57:30
26.155080213903744,45.32970758135246,331.80858485339184,12:57:45
26.1951871657754,45.33685316703298,331.84860212935405,12:58:00
26.235294117647058,45.34399875271349,331.88861940531626,12:58:15
26.275401069518715,45.35114433839401,331.92863668127853,12:58:30
26.315508021390375,45.35828992407452,331.96865395724075,12:58:45
26.355614973262032,45.36543550975504,332.00867123320296,12:59:00
26.39572192513369,45.37258109543555,332.0486885091652,12:59:15
26.43582887700535,45.37972668111606,332.08870578512744,12:59:30
26.475935828877006,45.38687226679658,332.12872306108966,12:59:45
26.516042780748663,45.394000971963045,332.1713888328845,13:00:00
26.55614973262032,45.401104356358445,332.2180273484283,13:00:15
26.59625668449198,45.408207740753845,332.264665863972,13:00:30
26.636363636363637,45.415311125149245,332.3113043795158,13:00:45
26.676470588235293,45.422414509544645,332.3579428950595,13:01:00
26.71657754010695,45.429517893940044,332.40458141060327,13:01:15
26.75668449197861,45.43662127833544,332.451219926147,13:01:30
26.796791443850267,45.44372466273084,332.49785844169077,13:01:45
26.836898395721924,45.45082804712624,332.5444969572345,13:02:00
26.877005347593585,45.45793143152164,332.59113547277826,13:02:15
26.91711229946524,45.465034815917036,332.637773988322,13:02:30
26.9572192513369,45.472138200312436,332.68441250386576,13:02:45
26.997326203208555,45.479241584707836,332.73105101940956,13:03:00
27.037433155080215,45.486305581237126,332.7838693585627,13:03:15
27.077540106951872,45.49336676434741,332.837129113688,13:03:30
27.11764705882353,45.50042794745769,332.89038886881326,13:03:45
27.157754010695186,45.50748913056797,332.9436486239385,13:04:00
27.197860962566846,45.51455031367826,332.99690837906377,13:04:15
27.237967914438503,45.52161149678854,333.05016813418905,13:04:30
27.27807486631016,45.52867267989882,333.10342788931433,13:04:45
27.318181818181817,45.535733863009106,333.15668764443956,13:05:00
27.358288770053477,45.54279504611939,333.20994739956484,13:05:15
27.398395721925134,45.54985622922967,333.2632071546901,13:05:30
27.43850267379679,45.55691741233995,333.3164669098154,13:05:45
27.47860962566845,45.56397859545024,333.36972666494063,13:06:00
27.518716577540108,45.57102008462746,333.4260763318706,13:06:15
27.558823529411764,45.57803906645263,333.4859573265774,13:06:30
27.59893048128342,45.585058048277794,333.5458383212842,13:06:45
27.63903743315508,45.59207703010296,333.60571931599094,13:07:00
27.67914438502674,45.59909601192813,333.66560031069776,13:07:15
27.719251336898395,45.606114993753295,333.7254813054045,13:07:30
27.759358288770052,45.613133975578464,333.7853623001113,13:07:45
27.799465240641712,45.62015295740363,333.84524329481803,13:08:00
27.83957219251337,45.627171939228795,333.90512428952485,13:08:15
27.879679144385026,45.634190921053964,333.9650052842316,13:08:30
27.919786096256683,45.64120990287913,334.02488627893837,13:08:45
27.959893048128343,45.648228884704295,334.0847672736452,13:09:00
28.0,45.655247866529464,334.14464826835194,13:09:15
28.040106951871657,45.662224647069515,334.21115050264024,13:09:30
28.080213903743317,45.669201427609565,334.27765273692853,13:09:45
28.120320855614974,45.676178208149615,334.3441549712168,13:10:00
28.16042780748663,45.683154988689665,334.4106572055051,13:10:15
28.200534759358288,45.690131769229716,334.4771594397934,13:10:30
28.240641711229948,45.697108549769766,334.5436616740817,13:10:45
28.280748663101605,45.70408533030982,334.61016390837,13:11:00
28.32085561497326,45.71106211084987,334.6766661426583,13:11:15
28.36096256684492,45.718038891389924,334.7431683769466,13:11:30
28.40106951871658,45.725015671929974,334.8096706112349,13:11:45
28.441176470588236,45.731992452470024,334.8761728455232,13:12:00
28.481283422459892,45.738969233010074,334.94267507981147,13:12:15
28.52139037433155,45.74592350619806,335.0127086418766,13:12:30
28.56149732620321,45.752858085453,335.0858321157464,13:12:45
28.601604278074866,45.75979266470793,335.1589555896162,13:13:00
28.641711229946523,45.76672724396287,335.232079063486,13:13:15
28.681818181818183,45.77366182321781,335.30520253735585,13:13:30
28.72192513368984,45.78059640247274,335.3783260112256,13:13:45
28.762032085561497,45.78753098172768,335.45144948509545,13:14:00
28.802139037433154,45.79446556098261,335.5245729589653,13:14:15
28.842245989304814,45.80140014023755,335.59769643283505,13:14:30
28.88235294117647,45.80833471949248,335.6708199067049,13:14:45
28.922459893048128,45.81526929874742,335.7439433805747,13:15:00
28.962566844919785,45.82220387800235,335.8170668544445,13:15:15
29.002673796791445,45.82913564383828,335.8906317442864,13:15:30
29.0427807486631,45.8360280218081,335.97037645773776,13:15:45
29.08288770053476,45.84292039977792,336.05012117118906,13:16:00
29.122994652406415,45.84981277774774,336.1298658846404,13:16:15
29.163101604278076,45.856705155717556,336.20961059809173,13:16:30
29.203208556149733,45.863597533687376,336.2893553115431,13:16:45
29.24331550802139,45.870489911657195,336.3691000249944,13:17:00
29.28342245989305,45.87738228962701,336.44884473844576,13:17:15
29.323529411764707,45.88427466759683,336.52858945189706,13:17:30
29.363636363636363,45.89116704556665,336.6083341653484,13:17:45
29.40374331550802,45.898059423536466,336.68807887879973,13:18:00
29.44385026737968,45.904951801506286,336.7678235922511,13:18:15
29.483957219251337,45.911844179476105,336.8475683057024,13:18:30
29.524064171122994,45.91871123667485,336.87946619108294,13:18:45
29.56417112299465,45.92556141335956,336.87946619108294,13:19:00
29.60427807486631,45.93241159004426,336.87946619108294,13:19:15
29.644385026737968,45.93926176672896,336.87946619108294,13:19:30
29.684491978609625,45.94611194341367,336.87946619108294,13:19:45
29.724598930481285,45.95296212009837,336.87946619108294,13:20:00
29.764705882352942,45.95981229678307,336.87946619108294,13:20:15
29.8048128342246,45.96666247346778,336.87946619108294,13:20:30
29.844919786096256,45.97351265015248,336.87946619108294,13:20:45
29.885026737967916,45.98036282683719,336.87946619108294,13:21:00
29.925133689839573,45.98721300352189,336.87946619108294,13:21:15
29.96524064171123,45.99406318020659,336.87946619108294,13:21:30

