Flight_Nr,96,Cost,1419.107860893092
Long,Lat,Flight_Level,Time
-30.0,42.0,200.0,07:05:00
-29.972560975609756,42.01830621301775,200.21106935840706,07:05:15
-29.945121951219512,42.036612426035504,200.42213871681415,07:05:30
-29.91768292682927,42.054918639053255,200.6332080752212,07:05:45
-29.890243902439025,42.07322485207101,200.84427743362826,07:06:00
-29.86280487804878,42.09153106508876,201.05534679203535,07:06:15
-29.835365853658537,42.10983727810651,201.2664161504424,07:06:30
-29.807926829268293,42.12814349112426,201.47748550884947,07:06:45
-29.78048780487805,42.146449704142015,201.68855486725656,07:07:00
-29.753048780487806,42.164755917159766,201.89962422566362,07:07:15
-29.725609756097562,42.18306213017752,202.11069358407067,07:07:30
-29.698170731707318,42.20136834319527,202.32176294247776,07:07:45
-29.67073170731707,42.21967455621302,202.53283230088482,07:08:00
-29.643292682926827,42.237980769230774,202.74390165929188,07:08:15
-29.615853658536583,42.256286982248525,202.95497101769897,07:08:30
-29.58841463414634,42.27459319526628,203.16604037610603,07:08:45
-29.560975609756095,42.29289940828403,203.37710973451308,07:09:00
-29.53353658536585,42.31120562130178,203.58817909292017,07:09:15
-29.506097560975608,42.32951183431953,203.79924845132723,07:09:30
-29.478658536585364,42.347818047337284,204.0103178097343,07:09:45
-29.45121951219512,42.366124260355036,204.22138716814138,07:10:00
-29.423780487804876,42.38443047337278,204.43245652654844,07:10:15
-29.396341463414632,42.40273668639053,204.6435258849555,07:10:30
-29.36890243902439,42.421042899408285,204.85459524336258,07:10:45
-29.341463414634145,42.43934911242604,205.06566460176964,07:11:00
-29.3140243902439,42.45765532544379,205.27673396017673,07:11:15
-29.286585365853657,42.47596153846154,205.4878033185838,07:11:30
-29.259146341463413,42.49426775147929,205.69887267699087,07:11:45
-29.23170731707317,42.512573964497044,205.90994203539793,07:12:00
-29.204268292682926,42.530880177514796,206.121011393805,07:12:15
-29.176829268292682,42.54918639053255,206.33208075221208,07:12:30
-29.149390243902438,42.5674926035503,206.54315011061914,07:12:45
-29.121951219512194,42.58579881656805,206.75421946902622,07:13:00
-29.09451219512195,42.6041050295858,206.96528882743328,07:13:15
-29.067073170731707,42.622411242603555,207.17635818584034,07:13:30
-29.039634146341463,42.640717455621306,207.38742754424743,07:13:45
-29.012195121951216,42.65902366863906,207.5984969026545,07:14:00
-28.98475609756097,42.67732988165681,207.80956626106155,07:14:15
-28.957317073170728,42.69563609467456,208.02063561946864,07:14:30
-28.929878048780484,42.71394230769231,208.2317049778757,07:14:45
-28.90243902439024,42.73224852071006,208.44277433628275,07:15:00
-28.874999999999996,42.75055473372781,208.65384369468984,07:15:15
-28.847560975609753,42.76886094674556,208.8649130530969,07:15:30
-28.82012195121951,42.787167159763314,209.07598241150396,07:15:45
-28.792452830188676,42.80562688400134,209.28882174356644,07:16:00
-28.764150943396224,42.82450876409512,209.50652850318127,07:16:15
-28.735849056603772,42.8433906441889,209.72423526279613,07:16:30
-28.707547169811317,42.86227252428269,209.94194202241096,07:16:45
-28.679245283018865,42.88115440437647,210.15964878202578,07:17:00
-28.650943396226413,42.90003628447025,210.37735554164064,07:17:15
-28.622641509433958,42.918918164564026,210.59506230125547,07:17:30
-28.594339622641506,42.93780004465781,210.8127690608703,07:17:45
-28.566037735849054,42.95668192475159,211.03047582048515,07:18:00
-28.5377358490566,42.97556380484537,211.24818258009998,07:18:15
-28.509433962264147,42.99444568493916,211.46588933971483,07:18:30
-28.481132075471695,43.01332756503294,211.68359609932966,07:18:45
-28.45283018867924,43.03220944512672,211.9013028589445,07:19:00
-28.424528301886788,43.0510913252205,212.11900961855935,07:19:15
-28.396226415094336,43.069973205314284,212.33671637817417,07:19:30
-28.367924528301884,43.08885508540806,212.55442313778903,07:19:45
-28.33962264150943,43.10773696550184,212.77212989740386,07:20:00
-28.311320754716977,43.12661884559563,212.9898366570187,07:20:15
-28.283018867924525,43.14550072568941,213.20754341663354,07:20:30
-28.25471698113207,43.16438260578319,213.4252501762484,07:20:45
-28.226415094339618,43.18326448587697,213.64295693586322,07:21:00
-28.198113207547166,43.202146365970755,213.86066369547805,07:21:15
-28.16981132075471,43.221028246064535,214.0783704550929,07:21:30
-28.14150943396226,43.239910126158314,214.29607721470774,07:21:45
-28.113207547169807,43.2587920062521,214.5137839743226,07:22:00
-28.084905660377355,43.27767388634588,214.73149073393742,07:22:15
-28.0566037735849,43.29655576643966,214.94919749355225,07:22:30
-28.02830188679245,43.31543764653344,215.1669042531671,07:22:45
-27.999999999999996,43.334319526627226,215.38461101278193,07:23:00
-27.97169811320754,43.353201406721006,215.60231777239676,07:23:15
-27.94339622641509,43.372083286814785,215.82002453201162,07:23:30
-27.915094339622637,43.39096516690857,216.03773129162644,07:23:45
-27.886792452830182,43.40984704700235,216.25543805124127,07:24:00
-27.85849056603773,43.42872892709613,216.47314481085613,07:24:15
-27.83018867924528,43.44761080718991,216.69085157047095,07:24:30
-27.801886792452827,43.4664926872837,216.9085583300858,07:24:45
-27.77358490566037,43.48537456737748,217.12626508970064,07:25:00
-27.74528301886792,43.504256447471256,217.34397184931547,07:25:15
-27.716981132075468,43.523138327565036,217.56167860893032,07:25:30
-27.688679245283012,43.54202020765882,217.77938536854515,07:25:45
-27.66037735849056,43.5609020877526,217.99709212815998,07:26:00
-27.63207547169811,43.57978396784638,218.21479888777483,07:26:15
-27.603773584905653,43.59866584794017,218.43250564738966,07:26:30
-27.5754716981132,43.61754772803395,218.6502124070045,07:26:45
-27.54716981132075,43.63642960812773,218.86791916661934,07:27:00
-27.518867924528298,43.65531148822151,219.08562592623417,07:27:15
-27.490566037735842,43.674193368315294,219.303332685849,07:27:30
-27.46226415094339,43.69307524840907,219.52103944546386,07:27:45
-27.43396226415094,43.71195712850285,219.73874620507868,07:28:00
-27.405660377358483,43.73083900859664,219.95645296469354,07:28:15
-27.37735849056603,43.74972088869042,220.17415972430837,07:28:30
-27.34905660377358,43.7686027687842,220.3918664839232,07:28:45
-27.320754716981124,43.78748464887798,220.60957324353805,07:29:00
-27.292452830188672,43.806366528971765,220.82728000315288,07:29:15
-27.26415094339622,43.825248409065544,221.0449867627677,07:29:30
-27.23584905660377,43.844130289159324,221.26269352238256,07:29:45
-27.207547169811313,43.86301216925311,221.4804002819974,07:30:00
-27.17924528301886,43.88189404934689,221.69810704161222,07:30:15
-27.15094339622641,43.90077592944067,221.91581380122707,07:30:30
-27.122641509433954,43.91965780953445,222.1335205608419,07:30:45
-27.094339622641503,43.938539689628236,222.35122732045673,07:31:00
-27.06603773584905,43.957421569722015,222.56893408007159,07:31:15
-27.037735849056595,43.976303449815795,222.7866408396864,07:31:30
-27.009433962264144,43.99518532990958,223.00434759930127,07:31:45
-26.98113207547169,44.01406721000336,223.2220543589161,07:32:00
-26.952830188679236,44.03294909009714,223.43976111853092,07:32:15
-26.924528301886784,44.05183097019092,223.65746787814578,07:32:30
-26.896226415094333,44.0707128502847,223.8751746377606,07:32:45
-26.86792452830188,44.08959473037849,224.09288139737546,07:33:00
-26.839622641509425,44.108476610472266,224.3105881569903,07:33:15
-26.811320754716974,44.127358490566046,224.52829491660515,07:33:30
-26.783018867924522,44.146240370659825,224.74600167621998,07:33:45
-26.754716981132066,44.165122250753605,224.96370843583483,07:34:00
-26.726415094339615,44.184004130847384,225.18141519544966,07:34:15
-26.698113207547163,44.20288601094117,225.3991219550645,07:34:30
-26.669811320754707,44.22176789103495,225.61682871467934,07:34:45
-26.641509433962256,44.24064977112873,225.83453547429417,07:35:00
-26.613207547169804,44.25953165122252,226.05224223390903,07:35:15
-26.584905660377352,44.278413531316296,226.26994899352385,07:35:30
-26.556603773584897,44.297295411410076,226.48765575313868,07:35:45
-26.528301886792445,44.316177291503855,226.70536251275354,07:36:00
-26.499999999999993,44.33505917159764,226.92306927236837,07:36:15
-26.471698113207538,44.35394105169142,227.1407760319832,07:36:30
-26.443396226415086,44.3728229317852,227.35848279159805,07:36:45
-26.415094339622634,44.39170481187899,227.57618955121288,07:37:00
-26.38679245283018,44.41058669197277,227.7938963108277,07:37:15
-26.358490566037727,44.42946857206655,228.01160307044256,07:37:30
-26.330188679245275,44.44835045216033,228.2293098300574,07:37:45
-26.301886792452823,44.46723233225411,228.44701658967224,07:38:00
-26.273584905660368,44.48611421234789,228.66472334928707,07:38:15
-26.245283018867916,44.50499609244167,228.8824301089019,07:38:30
-26.216981132075464,44.52387797253545,229.10013686851676,07:38:45
-26.18867924528301,44.54275985262924,229.31784362813158,07:39:00
-26.160377358490557,44.56164173272302,229.5355503877464,07:39:15
-26.132075471698105,44.5805236128168,229.75325714736127,07:39:30
-26.10377358490565,44.599405492910584,229.9709639069761,07:39:45
-26.074509803921558,44.61892911010559,230.19606985057786,07:40:00
-26.045098039215677,44.6385514560854,230.42231413017757,07:40:15
-26.015686274509793,44.658173802065214,230.6485584097773,07:40:30
-25.986274509803913,44.677796148045026,230.87480268937705,07:40:45
-25.95686274509803,44.69741849402484,231.1010469689768,07:41:00
-25.92745098039215,44.71704084000465,231.3272912485765,07:41:15
-25.898039215686264,44.73666318598446,231.55353552817624,07:41:30
-25.868627450980384,44.756285531964274,231.77977980777598,07:41:45
-25.8392156862745,44.775907877944086,232.00602408737572,07:42:00
-25.80980392156862,44.7955302239239,232.23226836697543,07:42:15
-25.780392156862735,44.81515256990371,232.45851264657517,07:42:30
-25.75098039215685,44.83477491588352,232.6847569261749,07:42:45
-25.72156862745097,44.85439726186333,232.91100120577465,07:43:00
-25.692156862745087,44.874019607843145,233.13724548537436,07:43:15
-25.662745098039206,44.893641953822964,233.3634897649741,07:43:30
-25.633333333333322,44.913264299802776,233.58973404457385,07:43:45
-25.60392156862744,44.93288664578259,233.81597832417359,07:44:00
-25.574509803921558,44.9525089917624,234.04222260377333,07:44:15
-25.545098039215677,44.97213133774221,234.26846688337304,07:44:30
-25.515686274509793,44.991753683722024,234.49471116297278,07:44:45
-25.48627450980391,45.011376029701836,234.72095544257252,07:45:00
-25.45686274509803,45.03099837568165,234.94719972217226,07:45:15
-25.427450980392145,45.05062072166146,235.173444001772,07:45:30
-25.398039215686264,45.07024306764127,235.3996882813717,07:45:45
-25.36862745098038,45.089865413621084,235.62593256097145,07:46:00
-25.3392156862745,45.109487759600896,235.8521768405712,07:46:15
-25.309803921568616,45.12911010558071,236.07842112017093,07:46:30
-25.280392156862735,45.14873245156052,236.30466539977067,07:46:45
-25.25098039215685,45.16835479754033,236.5309096793704,07:47:00
-25.22156862745097,45.18797714352014,236.75715395897015,07:47:15
-25.19194630872482,45.20741901361418,236.98501788441936,07:47:30
-25.161744966442942,45.22636457502231,237.21733583595466,07:47:45
-25.13154362416106,45.24531013643044,237.44965378748995,07:48:00
-25.101342281879184,45.26425569783857,237.68197173902524,07:48:15
-25.071140939597303,45.2832012592467,237.91428969056054,07:48:30
-25.040939597315425,45.30214682065483,238.14660764209583,07:48:45
-25.010738255033544,45.321092382062965,238.37892559363115,07:49:00
-24.980536912751667,45.340037943471096,238.61124354516645,07:49:15
-24.950335570469786,45.35898350487923,238.84356149670174,07:49:30
-24.92013422818791,45.377929066287365,239.07587944823703,07:49:45
-24.889051094890497,45.395931805420865,239.31498040565657,07:50:00
-24.856204379562033,45.41204890000511,239.5676473748446,07:50:15
-24.823357664233566,45.428165994589364,239.82031434403262,07:50:30
-24.790510948905098,45.44428308917361,240.07298131322065,07:50:45
-24.75766423357663,45.46040018375786,240.32564828240865,07:51:00
-24.724817518248162,45.47651727834211,240.57831525159668,07:51:15
-24.691970802919695,45.492634372926354,240.8309822207847,07:51:30
-24.659124087591227,45.508751467510606,241.08364918997273,07:51:45
-24.62627737226276,45.52486856209485,241.33631615916076,07:52:00
-24.593430656934295,45.5409856566791,241.5889831283488,07:52:15
-24.560583941605827,45.55710275126335,241.8416500975368,07:52:30
-24.52773722627736,45.573219845847596,242.09431706672484,07:52:45
-24.494890510948892,45.58933694043184,242.34698403591287,07:53:00
-24.462043795620424,45.605454035016095,242.5996510051009,07:53:15
-24.429197080291956,45.62157112960034,242.85231797428892,07:53:30
-24.39635036496349,45.637688224184586,243.10498494347695,07:53:45
-24.363503649635025,45.65380531876883,243.35765191266498,07:54:00
-24.330656934306557,45.669922413353085,243.610318881853,07:54:15
-24.29781021897809,45.68603950793733,243.86298585104103,07:54:30
-24.26496350364962,45.702156602521576,244.11565282022903,07:54:45
-24.232116788321154,45.71827369710583,244.36831978941706,07:55:00
-24.199270072992686,45.734390791690075,244.62098675860508,07:55:15
-24.16642335766422,45.75050788627432,244.8736537277931,07:55:30
-24.133576642335754,45.76662498085857,245.12632069698114,07:55:45
-24.100729927007286,45.78274207544282,245.37898766616917,07:56:00
-24.06788321167882,45.798859170027065,245.6316546353572,07:56:15
-24.03503649635035,45.81497626461132,245.88432160454522,07:56:30
-24.002189781021883,45.83109335919556,246.13698857373322,07:56:45
-23.969343065693415,45.84721045377981,246.38965554292125,07:57:00
-23.936496350364948,45.86332754836406,246.64232251210927,07:57:15
-23.903649635036484,45.87944464294831,246.8949894812973,07:57:30
-23.870802919708016,45.89556173753255,247.14765645048533,07:57:45
-23.837956204379548,45.9116788321168,247.40032341967336,07:58:00
-23.80510948905108,45.92779592670105,247.65299038886138,07:58:15
-23.772262773722613,45.9439130212853,247.90565735804938,07:58:30
-23.739416058394145,45.96003011586954,248.1583243272374,07:58:45
-23.706569343065677,45.976147210453796,248.41099129642544,07:59:00
-23.672932330827052,45.99265208475736,248.66973747088716,07:59:15
-23.63909774436089,46.00925390399076,248.9300034466673,07:59:30
-23.605263157894722,46.025855723224154,249.19026942244747,07:59:45
-23.571428571428555,46.042457542457555,249.4505353982276,08:00:00
-23.537593984962392,46.05905936169095,249.71080137400776,08:00:15
-23.503759398496225,46.07566118092435,249.97106734978792,08:00:30
-23.469924812030058,46.09226300015775,250.23133332556804,08:00:45
-23.436090225563895,46.108864819391144,250.4915993013482,08:01:00
-23.402255639097728,46.125466638624545,250.75186527712836,08:01:15
-23.368421052631565,46.142068457857945,251.0121312529085,08:01:30
-23.334586466165398,46.15867027709134,251.27239722868865,08:01:45
-23.30075187969923,46.17527209632474,251.53266320446878,08:02:00
-23.266917293233067,46.19187391555814,251.79292918024893,08:02:15
-23.2330827067669,46.208475734791534,252.05319515602906,08:02:30
-23.199248120300737,46.225077554024935,252.31346113180922,08:02:45
-23.16541353383457,46.241679373258336,252.57372710758935,08:03:00
-23.131578947368403,46.25828119249173,252.8339930833695,08:03:15
-23.09774436090224,46.27488301172513,253.09425905914964,08:03:30
-23.063909774436073,46.29148483095853,253.3545250349298,08:03:45
-23.03007518796991,46.308086650191925,253.61479101070995,08:04:00
-22.996240601503743,46.324688469425325,253.87505698649008,08:04:15
-22.962406015037576,46.341290288658726,254.13532296227024,08:04:30
-22.928571428571413,46.35789210789212,254.39558893805037,08:04:45
-22.894736842105246,46.37449392712552,254.65585491383052,08:05:00
-22.86090225563908,46.391095746358914,254.91612088961065,08:05:15
-22.827067669172916,46.407697565592315,255.1763868653908,08:05:30
-22.79323308270675,46.424299384825716,255.43665284117094,08:05:45
-22.759398496240586,46.44090120405911,255.6969188169511,08:06:00
-22.72556390977442,46.45750302329251,255.95718479273125,08:06:15
-22.69172932330825,46.47410484252591,256.2174507685114,08:06:30
-22.65789473684209,46.490706661759305,256.4777167442915,08:06:45
-22.62406015037592,46.507308480992705,256.73798272007167,08:07:00
-22.590225563909758,46.523910300226106,256.9982486958518,08:07:15
-22.55639097744359,46.5405121194595,257.258514671632,08:07:30
-22.522556390977424,46.5571139386929,257.51878064741214,08:07:45
-22.48872180451126,46.5737157579263,257.7790466231923,08:08:00
-22.454887218045094,46.590317577159695,258.0393125989724,08:08:15
-22.42105263157893,46.606919396393096,258.29957857475256,08:08:30
-22.387218045112764,46.623521215626496,258.5598445505327,08:08:45
-22.353383458646597,46.64012303485989,258.8201105263128,08:09:00
-22.319548872180434,46.65672485409329,259.080376502093,08:09:15
-22.285714285714267,46.673326673326684,259.34064247787313,08:09:30
-22.251879699248104,46.689928492560085,259.6009084536533,08:09:45
-22.218045112781937,46.706530311793486,259.8611744294334,08:10:00
-22.18421052631577,46.72313213102688,260.12144040521355,08:10:15
-22.150375939849607,46.73973395026028,260.3817063809937,08:10:30
-22.11654135338344,46.756335769493674,260.64197235677386,08:10:45
-22.082706766917273,46.772937588727075,260.902238332554,08:11:00
-22.04887218045111,46.789539407960476,261.1625043083341,08:11:15
-22.015037593984943,46.80614122719387,261.4227702841143,08:11:30
-21.98120300751878,46.82274304642727,261.68303625989444,08:11:45
-21.947368421052612,46.839344865660664,261.9433022356746,08:12:00
-21.913533834586445,46.855946684894064,262.20356821145475,08:12:15
-21.879699248120282,46.872548504127465,262.46383418723485,08:12:30
-21.845864661654115,46.88915032336086,262.724100163015,08:12:45
-21.812030075187952,46.90575214259426,262.98436613879517,08:13:00
-21.778195488721785,46.92235396182766,263.2446321145753,08:13:15
-21.744360902255618,46.938955781061054,263.5048980903555,08:13:30
-21.710526315789455,46.955557600294455,263.76516406613564,08:13:45
-21.676691729323288,46.972159419527856,264.02543004191574,08:14:00
-21.642857142857125,46.988761238761256,264.2856960176959,08:14:15
-21.609022556390958,47.00536305799465,264.54596199347606,08:14:30
-21.57518796992479,47.02196487722805,264.8062279692562,08:14:45
-21.541353383458627,47.038566696461444,265.06649394503637,08:15:00
-21.50751879699246,47.055168515694845,265.3267599208165,08:15:15
-21.473684210526297,47.071770334928246,265.58702589659663,08:15:30
-21.43984962406013,47.08837215416164,265.8472918723768,08:15:45
-21.406015037593964,47.10497397339504,266.10755784815694,08:16:00
-21.3721804511278,47.121575792628434,266.3678238239371,08:16:15
-21.338345864661633,47.138177611861835,266.62808979971726,08:16:30
-21.304511278195466,47.154779431095236,266.8883557754974,08:16:45
-21.270676691729303,47.17138125032863,267.1486217512775,08:17:00
-21.236842105263136,47.18798306956203,267.4088877270577,08:17:15
-21.203007518796973,47.20458488879543,267.66915370283783,08:17:30
-21.169172932330806,47.221186708028824,267.92941967861793,08:17:45
-21.13533834586464,47.237788527262225,268.1896856543981,08:18:00
-21.101503759398476,47.254390346495626,268.44995163017825,08:18:15
-21.06766917293231,47.27099216572903,268.7102176059584,08:18:30
-21.033834586466146,47.28759398496242,268.9704835817385,08:18:45
-20.99999999999998,47.30419580419582,269.23074955751866,08:19:00
-20.965116279069747,47.32131240852173,269.4990857961137,08:19:15
-20.93023255813951,47.338429012847634,269.7674220347087,08:19:30
-20.89534883720928,47.35554561717354,270.03575827330377,08:19:45
-20.860465116279048,47.372662221499446,270.3040945118988,08:20:00
-20.825581395348816,47.38977882582535,270.5724307504938,08:20:15
-20.79069767441858,47.40689543015126,270.8407669890889,08:20:30
-20.75581395348835,47.424012034477165,271.10910322768393,08:20:45
-20.720930232558118,47.44112863880307,271.37743946627893,08:21:00
-20.686046511627886,47.45824524312898,271.645775704874,08:21:15
-20.65116279069765,47.475361847454884,271.91411194346904,08:21:30
-20.61627906976742,47.49247845178079,272.18244818206404,08:21:45
-20.581395348837187,47.5095950561067,272.4507844206591,08:22:00
-20.546511627906956,47.52671166043261,272.71912065925414,08:22:15
-20.51162790697672,47.54382826475852,272.98745689784914,08:22:30
-20.47674418604649,47.56094486908442,273.2557931364442,08:22:45
-20.441860465116257,47.57806147341033,273.52412937503925,08:23:00
-20.406976744186025,47.595178077736236,273.79246561363425,08:23:15
-20.37209302325579,47.61229468206214,274.0608018522293,08:23:30
-20.337209302325558,47.62941128638805,274.32913809082436,08:23:45
-20.302325581395326,47.646527890713955,274.59747432941936,08:24:00
-20.267441860465095,47.66364449503986,274.8658105680144,08:24:15
-20.23255813953486,47.68076109936577,275.1341468066094,08:24:30
-20.197674418604628,47.697877703691674,275.40248304520446,08:24:45
-20.162790697674396,47.71499430801758,275.67081928379946,08:25:00
-20.127906976744164,47.73211091234349,275.9391555223945,08:25:15
-20.09302325581393,47.74922751666939,276.20749176098957,08:25:30
-20.058139534883697,47.7663441209953,276.47582799958457,08:25:45
-20.023255813953465,47.783460725321206,276.7441642381796,08:26:00
-19.988372093023234,47.80057732964711,277.0125004767747,08:26:15
-19.953488372093,47.81769393397302,277.2808367153697,08:26:30
-19.918604651162767,47.834810538298925,277.5491729539647,08:26:45
-19.883720930232535,47.85192714262483,277.8175091925598,08:27:00
-19.848837209302303,47.86904374695074,278.0858454311548,08:27:15
-19.813953488372068,47.886160351276644,278.35418166974983,08:27:30
-19.779069767441836,47.90327695560255,278.5554358312717,08:27:45
-19.744186046511604,47.920393559928456,278.7119686080782,08:28:00
-19.709302325581373,47.93751016425436,278.8685013848847,08:28:15
-19.674418604651137,47.95462676858027,279.0250341616912,08:28:30
-19.639534883720906,47.97174337290618,279.1815669384977,08:28:45
-19.604651162790674,47.98885997723209,279.3380997153042,08:29:00
-19.569767441860442,48.005976581557995,279.4946324921107,08:29:15
-19.534883720930207,48.0230931858839,279.6511652689172,08:29:30
-19.499999999999975,48.04020979020981,279.8076980457237,08:29:45
-19.46538461538459,48.05719472834859,279.741130017303,08:30:00
-19.430769230769204,48.074179666487375,279.6745619888823,08:30:15
-19.396153846153823,48.09116460462616,279.60799396046167,08:30:30
-19.361538461538437,48.10814954276494,279.54142593204097,08:30:45
-19.326923076923052,48.125134480903725,279.47485790362026,08:31:00
-19.292307692307666,48.14211941904251,279.40828987519956,08:31:15
-19.25769230769228,48.1591043571813,279.34172184677885,08:31:30
-19.2230769230769,48.17608929532008,279.2751538183582,08:31:45
-19.188461538461514,48.193074233458866,279.2085857899375,08:32:00
-19.15384615384613,48.21005917159765,279.1420177615168,08:32:15
-19.119230769230743,48.22704410973643,279.0754497330961,08:32:30
-19.084615384615358,48.244029047875216,279.0088817046754,08:32:45
-19.049999999999976,48.26101398601401,278.9423136762547,08:33:00
-19.01538461538459,48.27799892415279,278.87574564783404,08:33:15
-18.980769230769205,48.29498386229157,278.80917761941333,08:33:30
-18.94615384615382,48.31196880043036,278.74260959099263,08:33:45
-18.911538461538434,48.32895373856914,278.6760415625719,08:34:00
-18.87692307692305,48.345938676707924,278.6094735341513,08:34:15
-18.842307692307667,48.36292361484671,278.5429055057306,08:34:30
-18.80769230769228,48.3799085529855,278.47633747730987,08:34:45
-18.773076923076896,48.39689349112428,278.40976944888916,08:35:00
-18.73846153846151,48.413878429263065,278.3432014204685,08:35:15
-18.703846153846126,48.43086336740185,278.2766333920478,08:35:30
-18.669230769230744,48.44784830554063,278.2100653636271,08:35:45
-18.63461538461536,48.464833243679415,278.14349733520646,08:36:00
-18.599999999999973,48.4818181818182,278.07692930678576,08:36:15
-18.565384615384588,48.49880311995698,278.01036127836505,08:36:30
-18.530769230769202,48.515788058095765,277.94379324994435,08:36:45
-18.49615384615382,48.53277299623455,277.8772252215237,08:37:00
-18.461538461538435,48.54975793437333,277.810657193103,08:37:15
-18.42692307692305,48.566742872512116,277.7440891646823,08:37:30
-18.392307692307664,48.5837278106509,277.6775211362616,08:37:45
-18.35769230769228,48.60071274878969,277.6109531078409,08:38:00
-18.323076923076897,48.61769768692847,277.54438507942024,08:38:15
-18.28846153846151,48.634682625067256,277.47781705099953,08:38:30
-18.253846153846126,48.65166756320604,277.41124902257883,08:38:45
-18.21923076923074,48.66865250134482,277.3446809941581,08:39:00
-18.184615384615356,48.68563743948361,277.2781129657375,08:39:15
-18.14999999999997,48.70262237762239,277.2115449373168,08:39:30
-18.11538461538459,48.71960731576118,277.14497690889607,08:39:45
-18.080769230769203,48.736592253899964,277.0784088804754,08:40:00
-18.046153846153818,48.75357719203875,277.0118408520547,08:40:15
-18.011538461538432,48.77056213017753,276.945272823634,08:40:30
-17.976923076923047,48.787547068316314,276.8787047952133,08:40:45
-17.942307692307665,48.8045320064551,276.81213676679266,08:41:00
-17.90769230769228,48.82151694459389,276.74556873837196,08:41:15
-17.873076923076894,48.83850188273267,276.67900070995125,08:41:30
-17.83846153846151,48.855486820871455,276.61243268153055,08:41:45
-17.803846153846123,48.87247175901024,276.54586465310985,08:42:00
-17.76923076923074,48.88945669714902,276.4792966246892,08:42:15
-17.734615384615356,48.906441635287806,276.4127285962685,08:42:30
-17.69999999999997,48.92342657342659,276.3461605678478,08:42:45
-17.665384615384585,48.94041151156537,276.2795925394271,08:43:00
-17.6307692307692,48.957396449704156,276.2130245110064,08:43:15
-17.59615384615382,48.974381387842946,276.14645648258573,08:43:30
-17.561538461538433,48.99136632598173,276.07988845416503,08:43:45
-17.526923076923048,49.00835126412051,276.0133204257443,08:44:00
-17.492307692307662,49.0253362022593,275.9467523973236,08:44:15
-17.457692307692277,49.04232114039808,275.8801843689029,08:44:30
-17.423076923076895,49.05930607853687,275.81361634048227,08:44:45
-17.38846153846151,49.076291016675654,275.74704831206157,08:45:00
-17.353846153846124,49.09327595481444,275.68048028364086,08:45:15
-17.31923076923074,49.11026089295322,275.61391225522016,08:45:30
-17.284615384615353,49.127245831092004,275.5473442267995,08:45:45
-17.24999999999997,49.14423076923079,275.4807761983788,08:46:00
-17.215384615384586,49.16121570736957,275.4142081699581,08:46:15
-17.1807692307692,49.178200645508355,275.34764014153745,08:46:30
-17.146153846153815,49.19518558364714,275.28107211311675,08:46:45
-17.11153846153843,49.21217052178592,275.21450408469605,08:47:00
-17.076923076923045,49.229155459924705,275.14793605627534,08:47:15
-17.042307692307663,49.24614039806349,275.0813680278547,08:47:30
-17.007692307692277,49.26312533620228,275.014799999434,08:47:45
-16.973076923076892,49.28011027434106,274.9482319710133,08:48:00
-16.938461538461507,49.297095212479846,274.8816639425926,08:48:15
-16.90384615384612,49.31408015061863,274.8150959141719,08:48:30
-16.86923076923074,49.33106508875741,274.74852788575123,08:48:45
-16.834615384615354,49.348050026896196,274.6819598573305,08:49:00
-16.79999999999997,49.36503496503498,274.6153918289098,08:49:15
-16.765384615384583,49.38201990317376,274.5488238004891,08:49:30
-16.730769230769198,49.399004841312546,274.4822557720684,08:49:45
-16.696153846153816,49.41598977945134,274.41568774364777,08:50:00
-16.66153846153843,49.43297471759012,274.34911971522706,08:50:15
-16.626923076923045,49.449959655728904,274.28255168680636,08:50:30
-16.59230769230766,49.46694459386769,274.21598365838565,08:50:45
-16.557692307692275,49.48392953200647,274.14941562996495,08:51:00
-16.523076923076893,49.50091447014526,274.0828476015443,08:51:15
-16.488461538461507,49.517899408284045,274.0162795731236,08:51:30
-16.453846153846122,49.53488434642283,273.9497115447029,08:51:45
-16.419230769230737,49.55186928456161,273.8831435162822,08:52:00
-16.38461538461535,49.568854222700395,273.81657548786154,08:52:15
-16.349999999999966,49.58583916083918,273.75000745944084,08:52:30
-16.315384615384584,49.60282409897796,273.68343943102013,08:52:45
-16.2807692307692,49.619809037116745,273.6168714025995,08:53:00
-16.246153846153813,49.63679397525553,273.5503033741788,08:53:15
-16.211538461538428,49.65377891339431,273.4837353457581,08:53:30
-16.176923076923043,49.670763851533096,273.4171673173374,08:53:45
-16.14230769230766,49.687748789671886,273.3505992889167,08:54:00
-16.107692307692275,49.70473372781067,273.284031260496,08:54:15
-16.07307692307689,49.72171866594945,273.2174632320753,08:54:30
-16.038461538461505,49.738703604088236,273.1508952036546,08:54:45
-16.00384615384612,49.75568854222702,273.0843271752339,08:55:00
-15.969230769230736,49.77267348036581,273.01775914681326,08:55:15
-15.934615384615352,49.789658418504594,272.95119111839256,08:55:30
-15.899999999999967,49.80664335664338,272.88462308997185,08:55:45
-15.865384615384581,49.82362829478216,272.81805506155115,08:56:00
-15.830769230769198,49.840613232920944,272.75148703313045,08:56:15
-15.796153846153812,49.85759817105973,272.6849190047098,08:56:30
-15.761538461538429,49.87458310919851,272.6183509762891,08:56:45
-15.726923076923043,49.891568047337294,272.5517829478684,08:57:00
-15.692307692307658,49.90855298547608,272.4852149194477,08:57:15
-15.657692307692274,49.92553792361487,272.418646891027,08:57:30
-15.623076923076889,49.94252286175365,272.35207886260633,08:57:45
-15.588461538461504,49.959507799892435,272.28551083418563,08:58:00
-15.55384615384612,49.97649273803122,272.2189428057649,08:58:15
-15.519230769230735,49.99347767617,272.1523747773442,08:58:30
-15.484615384615351,50.010462614308786,272.0858067489236,08:58:45
-15.449999999999966,50.02744755244757,272.01923872050287,08:59:00
-15.41538461538458,50.04443249058635,271.95267069208217,08:59:15
-15.380769230769197,50.061417428725136,271.8861026636615,08:59:30
-15.346153846153811,50.07840236686392,271.8195346352408,08:59:45
-15.311538461538428,50.0953873050027,271.7529666068201,09:00:00
-15.276923076923042,50.112372243141486,271.6863985783994,09:00:15
-15.242307692307657,50.12935718128028,271.61983054997876,09:00:30
-15.207692307692273,50.14634211941906,271.55326252155805,09:00:45
-15.173076923076888,50.163327057557844,271.48669449313735,09:01:00
-15.138461538461502,50.18031199569663,271.42012646471665,09:01:15
-15.103846153846119,50.19729693383541,271.35355843629594,09:01:30
-15.069230769230733,50.2142818719742,271.2869904078753,09:01:45
-15.03461538461535,50.231266810112984,271.2204223794546,09:02:00
-14.999999999999964,50.24825174825177,271.1538543510339,09:02:15
-14.965384615384579,50.26523668639055,271.0872863226132,09:02:30
-14.930769230769195,50.282221624529335,271.02071829419253,09:02:45
-14.89615384615381,50.29920656266812,270.95415026577183,09:03:00
-14.861538461538427,50.3161915008069,270.8875822373511,09:03:15
-14.826923076923041,50.333176438945685,270.8210142089305,09:03:30
-14.792307692307656,50.35016137708447,270.7544461805098,09:03:45
-14.757692307692272,50.36714631522326,270.68787815208907,09:04:00
-14.723076923076887,50.38413125336204,270.62131012366837,09:04:15
-14.688461538461501,50.401116191500826,270.5547420952477,09:04:30
-14.653846153846118,50.41810112963961,270.488174066827,09:04:45
-14.619230769230732,50.43508606777839,270.4216060384063,09:05:00
-14.584615384615349,50.452071005917176,270.3550380099856,09:05:15
-14.549999999999963,50.46905594405597,270.28846998156496,09:05:30
-14.515384615384578,50.48604088219475,270.22190195314425,09:05:45
-14.480769230769194,50.503025820333534,270.15533392472355,09:06:00
-14.446153846153809,50.52001075847232,270.08876589630285,09:06:15
-14.411538461538425,50.5369956966111,270.02219786788214,09:06:30
-14.377443609022519,50.5537252221463,269.95663086244525,09:06:45
-14.343609022556354,50.57032704137969,269.8915643685002,09:07:00
-14.309774436090189,50.58692886061309,269.8264978745552,09:07:15
-14.275939849624024,50.60353067984649,269.76143138061013,09:07:30
-14.242105263157857,50.62013249907989,269.6963648866651,09:07:45
-14.208270676691692,50.63673431831329,269.63129839272005,09:08:00
-14.174436090225527,50.65333613754668,269.566231898775,09:08:15
-14.140601503759362,50.66993795678008,269.50116540483,09:08:30
-14.106766917293195,50.686539776013475,269.43609891088494,09:08:45
-14.07293233082703,50.703141595246876,269.3710324169399,09:09:00
-14.039097744360864,50.71974341448028,269.30596592299486,09:09:15
-14.0052631578947,50.73634523371368,269.2408994290498,09:09:30
-13.971428571428534,50.75294705294707,269.1758329351048,09:09:45
-13.937593984962367,50.76954887218047,269.11076644115974,09:10:00
-13.903759398496202,50.78615069141387,269.04569994721476,09:10:15
-13.869924812030037,50.80275251064727,268.9806334532697,09:10:30
-13.836090225563872,50.81935432988067,268.9155669593247,09:10:45
-13.802255639097705,50.83595614911407,268.85050046537964,09:11:00
-13.76842105263154,50.85255796834746,268.7854339714346,09:11:15
-13.734586466165375,50.86915978758086,268.72036747748956,09:11:30
-13.70075187969921,50.88576160681426,268.6553009835445,09:11:45
-13.666917293233045,50.90236342604766,268.5902344895995,09:12:00
-13.633082706766878,50.91896524528106,268.52516799565444,09:12:15
-13.599248120300713,50.93556706451445,268.4601015017094,09:12:30
-13.565413533834548,50.95216888374785,268.39503500776436,09:12:45
-13.531578947368383,50.96877070298125,268.3299685138193,09:13:00
-13.497744360902217,50.98537252221465,268.2649020198743,09:13:15
-13.46390977443605,51.00197434144805,268.19983552592925,09:13:30
-13.430075187969885,51.01857616068144,268.1347690319842,09:13:45
-13.39624060150372,51.03517797991484,268.06970253803917,09:14:00
-13.362406015037555,51.05177979914824,268.0046360440941,09:14:15
-13.328571428571388,51.068381618381636,267.9395695501491,09:14:30
-13.294736842105223,51.08498343761504,267.87450305620405,09:14:45
-13.260902255639058,51.10158525684843,267.809436562259,09:15:00
-13.227067669172893,51.11818707608183,267.74437006831397,09:15:15
-13.193233082706728,51.13478889531523,267.67930357436893,09:15:30
-13.159398496240561,51.151390714548626,267.6142370804239,09:15:45
-13.125563909774396,51.16799253378203,267.54917058647885,09:16:00
-13.09172932330823,51.18459435301543,267.48410409253387,09:16:15
-13.057894736842066,51.20119617224882,267.41903759858883,09:16:30
-13.024060150375899,51.21779799148222,267.3539711046438,09:16:45
-12.990225563909734,51.23439981071562,267.28890461069875,09:17:00
-12.956390977443569,51.251001629949016,267.2238381167537,09:17:15
-12.922556390977403,51.26760344918242,267.1587716228087,09:17:30
-12.888721804511238,51.28420526841582,267.09370512886363,09:17:45
-12.854887218045072,51.30080708764921,267.0286386349186,09:18:00
-12.821052631578906,51.31740890688261,266.96357214097355,09:18:15
-12.787218045112741,51.33401072611601,266.8985056470285,09:18:30
-12.753383458646576,51.350612545349406,266.8334391530835,09:18:45
-12.719548872180411,51.36721436458281,266.76837265913844,09:19:00
-12.685714285714244,51.3838161838162,266.7033061651934,09:19:15
-12.651879699248079,51.4004180030496,266.63823967124836,09:19:30
-12.618045112781914,51.417019822283,266.5731731773033,09:19:45
-12.584210526315749,51.433621641516396,266.50810668335833,09:20:00
-12.550375939849582,51.4502234607498,266.4430401894133,09:20:15
-12.516541353383417,51.4668252799832,266.37797369546826,09:20:30
-12.482706766917252,51.48342709921659,266.3129072015232,09:20:45
-12.448872180451087,51.50002891844999,266.2478407075782,09:21:00
-12.415037593984922,51.51663073768339,266.18277421363314,09:21:15
-12.381203007518755,51.53323255691679,266.1177077196881,09:21:30
-12.34736842105259,51.54983437615019,266.05264122574306,09:21:45
-12.313533834586424,51.56643619538359,265.9875747317981,09:22:00
-12.27969924812026,51.58303801461699,265.92250823785304,09:22:15
-12.245864661654092,51.59963983385038,265.857441743908,09:22:30
-12.212030075187927,51.61624165308378,265.79237524996296,09:22:45
-12.178195488721762,51.63284347231718,265.7273087560179,09:23:00
-12.144360902255597,51.64944529155058,265.6622422620729,09:23:15
-12.110526315789432,51.66604711078398,265.59717576812784,09:23:30
-12.076691729323265,51.68264893001737,265.5321092741828,09:23:45
-12.0428571428571,51.69925074925077,265.46704278023776,09:24:00
-12.009022556390935,51.715852568484166,265.4019762862927,09:24:15
-11.97518796992477,51.73245438771757,265.3369097923477,09:24:30
-11.941353383458603,51.74905620695097,265.27184329840264,09:24:45
-11.907518796992438,51.76565802618436,265.2067768044576,09:25:00
-11.873684210526273,51.78225984541776,265.14171031051256,09:25:15
-11.839849624060108,51.79886166465116,265.0766438165675,09:25:30
-11.806015037593943,51.815463483884564,265.0115773226225,09:25:45
-11.772180451127776,51.83206530311796,264.94651082867745,09:26:00
-11.73834586466161,51.84866712235136,264.8814443347324,09:26:15
-11.704511278195445,51.86526894158476,264.81637784078737,09:26:30
-11.67067669172928,51.88187076081815,264.75131134684233,09:26:45
-11.636842105263115,51.89847258005155,264.6862448528973,09:27:00
-11.603007518796948,51.91507439928495,264.62117835895225,09:27:15
-11.569172932330783,51.93167621851835,264.5561118650072,09:27:30
-11.535338345864618,51.94827803775175,264.49104537106217,09:27:45
-11.501503759398453,51.96487985698514,264.4259788771172,09:28:00
-11.467669172932286,51.98148167621854,264.36091238317215,09:28:15
-11.433834586466121,51.99808349545194,264.2958458892271,09:28:30
-11.399999999999956,52.01468531468534,264.23077939528207,09:28:45
-11.36616541353379,52.03128713391874,264.16571290133703,09:29:00
-11.332330827067626,52.04788895315213,264.100646407392,09:29:15
-11.298496240601459,52.06449077238553,264.03557991344695,09:29:30
-11.264661654135294,52.081092591618926,263.9705134195019,09:29:45
-11.230827067669129,52.09769441085233,263.9054469255569,09:30:00
-11.196992481202964,52.11429623008573,263.84038043161183,09:30:15
-11.163157894736797,52.13089804931912,263.7753139376668,09:30:30
-11.129323308270632,52.14749986855252,263.71024744372176,09:30:45
-11.095488721804466,52.164101687785916,263.6451809497767,09:31:00
-11.061654135338301,52.18070350701932,263.5801144558317,09:31:15
-11.027819548872136,52.19730532625272,263.51504796188664,09:31:30
-10.99398496240597,52.21390714548611,263.4499814679416,09:31:45
-10.960150375939804,52.23050896471951,263.38491497399656,09:32:00
-10.92631578947364,52.24711078395291,263.3198484800515,09:32:15
-10.892481203007474,52.26371260318631,263.2547819861065,09:32:30
-10.858646616541309,52.28031442241971,263.18971549216144,09:32:45
-10.824812030075142,52.29691624165311,263.1246489982164,09:33:00
-10.790977443608977,52.31351806088651,263.05958250427136,09:33:15
-10.757142857142812,52.3301198801199,262.9945160103263,09:33:30
-10.723308270676647,52.3467216993533,262.92944951638134,09:33:45
-10.68947368421048,52.3633235185867,262.8643830224363,09:34:00
-10.655639097744315,52.3799253378201,262.79931652849126,09:34:15
-10.62180451127815,52.3965271570535,262.7342500345462,09:34:30
-10.587969924811985,52.41312897628689,262.6691835406012,09:34:45
-10.55413533834582,52.42973079552029,262.60411704665614,09:35:00
-10.520300751879653,52.446332614753686,262.5390505527111,09:35:15
-10.486466165413487,52.46293443398709,262.47398405876606,09:35:30
-10.452631578947322,52.47953625322049,262.408917564821,09:35:45
-10.418796992481157,52.49613807245388,262.343851070876,09:36:00
-10.38496240601499,52.51273989168728,262.27878457693095,09:36:15
-10.351127819548825,52.52934171092068,262.2137180829859,09:36:30
-10.31729323308266,52.545943530154084,262.14865158904087,09:36:45
-10.283458646616495,52.56254534938748,262.0835850950958,09:37:00
-10.24962406015033,52.57914716862088,262.01851860115084,09:37:15
-10.215789473684163,52.59574898785428,261.9534521072058,09:37:30
-10.181954887217998,52.61235080708767,261.88838561326077,09:37:45
-10.148120300751833,52.62895262632107,261.8233191193157,09:38:00
-10.114285714285668,52.645554445554474,261.7582526253707,09:38:15
-10.0804511278195,52.66215626478787,261.69318613142565,09:38:30
-10.046616541353336,52.67875808402127,261.6281196374806,09:38:45
-10.01278195488717,52.69535990325466,261.56305314353557,09:39:00
-9.978947368421005,52.71196172248806,261.49798664959053,09:39:15
-9.94511278195484,52.72856354172146,261.4329201556455,09:39:30
-9.911278195488674,52.74516536095486,261.36785366170045,09:39:45
-9.877443609022508,52.76176718018826,261.3027871677554,09:40:00
-9.843609022556343,52.77836899942165,261.2377206738104,09:40:15
-9.809774436090178,52.79497081865505,261.17265417986533,09:40:30
-9.775939849624013,52.81157263788845,261.1075876859203,09:40:45
-9.742105263157846,52.82817445712185,261.04252119197525,09:41:00
-9.708270676691681,52.84477627635525,260.9774546980302,09:41:15
-9.674436090225516,52.86137809558864,260.91238820408523,09:41:30
-9.64060150375935,52.87797991482204,260.8473217101402,09:41:45
-9.606766917293184,52.894581734055436,260.78225521619515,09:42:00
-9.572932330827019,52.911183553288836,260.7171887222501,09:42:15
-9.539097744360854,52.92778537252224,260.6521222283051,09:42:30
-9.505263157894689,52.94438719175564,260.58705573436004,09:42:45
-9.471428571428524,52.96098901098903,260.521989240415,09:43:00
-9.437593984962357,52.97759083022243,260.45692274646996,09:43:15
-9.403759398496192,52.99419264945583,260.3918562525249,09:43:30
-9.369924812030026,53.01079446868923,260.3267897585799,09:43:45
-9.336090225563861,53.02739628792263,260.26172326463484,09:44:00
-9.302255639097694,53.04399810715603,260.1966567706898,09:44:15
-9.268656716417862,53.0604842918276,260.212408472022,09:44:30
-9.235074626865622,53.076962216887615,260.23393290158833,09:44:45
-9.201492537313383,53.09344014194763,260.2554573311546,09:45:00
-9.167910447761145,53.10991806700764,260.27698176072096,09:45:15
-9.134328358208906,53.12639599206766,260.29850619028724,09:45:30
-9.100746268656668,53.14287391712767,260.3200306198536,09:45:45
-9.067164179104427,53.15935184218769,260.34155504941987,09:46:00
-9.033582089552189,53.1758297672477,260.3630794789862,09:46:15
-8.99999999999995,53.192307692307715,260.3846039085525,09:46:30
-8.966417910447712,53.20878561736773,260.4491848316472,09:46:45
-8.932835820895473,53.22526354242775,260.5137657547419,09:47:00
-8.899253731343233,53.24174146748776,260.5783466778366,09:47:15
-8.865671641790994,53.25821939254777,260.64292760093133,09:47:30
-8.832089552238756,53.27469731760779,260.707508524026,09:47:45
-8.798507462686517,53.291175242667805,260.7720894471207,09:48:00
-8.764925373134279,53.30765316772782,260.8366703702154,09:48:15
-8.731343283582039,53.32413109278784,260.9012512933101,09:48:30
-8.6977611940298,53.340609017847854,260.9658322164048,09:48:45
-8.664179104477562,53.35708694290786,261.0304131394995,09:49:00
-8.630597014925323,53.37356486796788,261.0949940625942,09:49:15
-8.597014925373083,53.390042793027895,261.15957498568895,09:49:30
-8.563432835820844,53.40652071808791,261.22415590878364,09:49:45
-8.529850746268606,53.42299864314792,261.28873683187834,09:50:00
-8.496268656716367,53.43947656820794,261.35331775497303,09:50:15
-8.462686567164129,53.45595449326795,261.41789867806773,09:50:30
-8.429104477611888,53.47243241832796,261.4824796011624,09:50:45
-8.39552238805965,53.48891034338798,261.5470605242571,09:51:00
-8.361940298507411,53.505388268447994,261.6116414473518,09:51:15
-8.328358208955173,53.52186619350801,261.6762223704465,09:51:30
-8.294776119402934,53.53834411856802,261.7408032935412,09:51:45
-8.261194029850694,53.554822043628036,261.8053842166359,09:52:00
-8.227611940298456,53.57129996868805,261.8699651397306,09:52:15
-8.194029850746217,53.58777789374807,261.9345460628253,09:52:30
-8.160447761193979,53.60425581880808,261.99912698592,09:52:45
-8.12686567164174,53.620733743868094,262.0637079090147,09:53:00
-8.0932835820895,53.63721166892811,262.1282888321094,09:53:15
-8.059701492537261,53.653689593988126,262.19286975520413,09:53:30
-8.026119402985023,53.670167519048135,262.2574506782988,09:53:45
-7.992537313432784,53.68664544410815,262.3220316013935,09:54:00
-7.958955223880546,53.70312336916817,262.3866125244882,09:54:15
-7.925373134328306,53.719601294228184,262.4511934475829,09:54:30
-7.891791044776068,53.7360792192882,262.5157743706776,09:54:45
-7.858208955223829,53.752557144348216,262.5803552937723,09:55:00
-7.82462686567159,53.76903506940823,262.644936216867,09:55:15
-7.791044776119351,53.78551299446824,262.70951713996175,09:55:30
-7.757462686567113,53.80199091952826,262.77409806305644,09:55:45
-7.723880597014873,53.818468844588274,262.83867898615114,09:56:00
-7.690298507462635,53.83494676964829,262.90325990924583,09:56:15
-7.656716417910396,53.8514246947083,262.9678408323405,09:56:30
-7.623134328358157,53.867902619768316,263.0324217554352,09:56:45
-7.5895522388059184,53.88438054482833,263.0970026785299,09:57:00
-7.55597014925368,53.90085846988834,263.1615836016246,09:57:15
-7.522388059701441,53.91733639494836,263.22616452471937,09:57:30
-7.488805970149202,53.93381432000837,263.29074544781406,09:57:45
-7.4552238805969635,53.95029224506839,263.35532637090876,09:58:00
-7.421641791044725,53.966770170128406,263.41990729400345,09:58:15
-7.388059701492486,53.983248095188415,263.48448821709815,09:58:30
-7.354477611940247,53.99972602024843,263.54906914019284,09:58:45
-7.320895522388009,54.01620394530845,263.61365006328754,09:59:00
-7.287313432835769,54.032681870368464,263.67823098638223,09:59:15
-7.253731343283531,54.04915979542848,263.7428119094769,09:59:30
-7.220149253731292,54.065637720488496,263.8073928325716,09:59:45
-7.186567164179053,54.082115645548505,263.8719737556663,10:00:00
-7.152985074626814,54.09859357060852,263.936554678761,10:00:15
-7.119402985074576,54.11507149566854,264.0011356018557,10:00:30
-7.085820895522337,54.131549420728554,264.0657165249504,10:00:45
-7.052238805970098,54.14802734578856,264.1302974480451,10:01:00
-7.018656716417859,54.16450527084858,264.1948783711398,10:01:15
-6.985074626865621,54.180983195908595,264.25945929423455,10:01:30
-6.951492537313381,54.19746112096861,264.32404021732924,10:01:45
-6.917910447761143,54.21393904602862,264.38862114042394,10:02:00
-6.884328358208904,54.23041697108864,264.45320206351863,10:02:15
-6.850746268656665,54.24689489614865,264.5177829866133,10:02:30
-6.817164179104426,54.26337282120867,264.582363909708,10:02:45
-6.783582089552188,54.27985074626868,264.6469448328027,10:03:00
-6.7499999999999485,54.296328671328695,264.7115257558974,10:03:15
-6.71641791044771,54.31280659638871,264.7761066789921,10:03:30
-6.6828358208954715,54.32928452144872,264.8406876020868,10:03:45
-6.649253731343233,54.345762446508736,264.9052685251815,10:04:00
-6.6156716417909935,54.36224037156875,264.9698494482762,10:04:15
-6.580165289256147,54.37597471399126,265.0381308760551,10:04:30
-6.542975206611519,54.387308421605965,265.1096502454327,10:04:45
-6.505785123966891,54.39864212922066,265.1811696148103,10:05:00
-6.4685950413222635,54.40997583683536,265.2526889841879,10:05:15
-6.431404958677635,54.421309544450054,265.32420835356555,10:05:30
-6.394214876033007,54.43264325206475,265.39572772294315,10:05:45
-6.357024793388379,54.443976959679446,265.46724709232075,10:06:00
-6.319834710743751,54.45531066729415,265.53876646169834,10:06:15
-6.282203389830458,54.465494815918554,265.61113436596685,10:06:30
-6.244067796610119,54.47436518283977,265.6844720243964,10:06:45
-6.2059322033897795,54.483235549760984,265.757809682826,10:07:00
-6.167796610169441,54.4921059166822,265.8311473412556,10:07:15
-6.129661016949102,54.500976283603414,265.90448499968517,10:07:30
-6.091525423728763,54.50984665052462,265.97782265811475,10:07:45
-6.053389830508424,54.51871701744584,266.0511603165443,10:08:00
-6.015254237288085,54.52758738436705,266.1244979749739,10:08:15
-5.977118644067746,54.53645775128827,266.1978356334035,10:08:30
-5.938983050847407,54.54532811820948,266.27117329183307,10:08:45
-5.900847457627068,54.5541984851307,266.34451095026265,10:09:00
-5.862711864406729,54.56306885205191,266.41784860869217,10:09:15
-5.82457627118639,54.57193921897313,266.49118626712175,10:09:30
-5.786440677966051,54.58080958589434,266.5645239255513,10:09:45
-5.748305084745712,54.58967995281556,266.6378615839809,10:10:00
-5.710169491525373,54.598550319736766,266.7111992424105,10:10:15
-5.672033898305035,54.60742068665798,266.78453690084007,10:10:30
-5.633898305084696,54.6162910535792,266.85787455926965,10:10:45
-5.5957627118643565,54.62516142050041,266.9312122176992,10:11:00
-5.557627118644017,54.63403178742163,267.0045498761288,10:11:15
-5.519491525423678,54.64290215434284,267.07788753455833,10:11:30
-5.481355932203339,54.65177252126406,267.1512251929879,10:11:45
-5.443220338983001,54.66064288818527,267.2245628514175,10:12:00
-5.405084745762662,54.66951325510649,267.29790050984707,10:12:15
-5.366949152542323,54.6783836220277,267.37123816827665,10:12:30
-5.328813559321984,54.68725398894892,267.4445758267062,10:12:45
-5.2906779661016445,54.696124355870126,267.5179134851358,10:13:00
-5.252542372881305,54.70499472279134,267.5912511435654,10:13:15
-5.214406779660967,54.713865089712556,267.66458880199497,10:13:30
-5.176271186440628,54.72273545663377,267.73792646042455,10:13:45
-5.138135593220289,54.731605823554986,267.8112641188541,10:14:00
-5.09999999999995,54.7404761904762,267.8846017772837,10:14:15
-5.061864406779611,54.749346557397416,267.9579394357133,10:14:30
-5.023728813559272,54.75821692431863,268.03127709414287,10:14:45
-4.985593220338933,54.76708729123985,268.1046147525724,10:15:00
-4.947457627118594,54.77595765816106,268.17795241100197,10:15:15
-4.909322033898255,54.78482802508228,268.25129006943155,10:15:30
-4.871186440677916,54.793698392003485,268.3246277278611,10:15:45
-4.833050847457577,54.8025687589247,268.3979653862907,10:16:00
-4.794915254237238,54.811439125845915,268.4713030447203,10:16:15
-4.756779661016899,54.82030949276713,268.54464070314987,10:16:30
-4.718644067796561,54.829179859688345,268.61797836157945,10:16:45
-4.6805084745762215,54.83805022660956,268.691316020009,10:17:00
-4.642372881355882,54.846920593530776,268.76465367843855,10:17:15
-4.604237288135543,54.85579096045199,268.83799133686813,10:17:30
-4.566101694915204,54.864661327373206,268.9113289952977,10:17:45
-4.527966101694865,54.87353169429442,268.9846666537273,10:18:00
-4.489830508474527,54.882402061215636,269.05800431215687,10:18:15
-4.451694915254188,54.891272428136844,269.13134197058645,10:18:30
-4.413559322033849,54.90014279505806,269.204679629016,10:18:45
-4.37542372881351,54.909013161979274,269.2780172874456,10:19:00
-4.3372881355931705,54.91788352890049,269.3513549458752,10:19:15
-4.299152542372831,54.926753895821705,269.42469260430477,10:19:30
-4.261016949152493,54.93562426274292,269.49803026273435,10:19:45
-4.222881355932154,54.944494629664135,269.5713679211639,10:20:00
-4.18421052631574,54.953489492963186,269.64573488006266,10:20:15
-4.144736842105214,54.962671100829006,269.7216457896652,10:20:30
-4.105263157894687,54.971852708694826,269.7975566992678,10:20:45
-4.065789473684161,54.981034316560645,269.8734676088703,10:21:00
-4.026315789473634,54.99021592442646,269.9493785184728,10:21:15
-3.9868421052631087,54.99939753229228,270.0252894280754,10:21:30
-3.947368421052582,55.0085791401581,270.10120033767794,10:21:45
-3.907894736842056,55.01776074802391,270.17711124728044,10:22:00
-3.8684210526315295,55.02694235588973,270.253022156883,10:22:15
-3.8289473684210034,55.03612396375555,270.32893306648555,10:22:30
-3.789473684210477,55.04530557162137,270.4048439760881,10:22:45
-3.7499999999999507,55.05448717948718,270.48075488569066,10:23:00
-3.7105263157894246,55.063668787353,270.55666579529316,10:23:15
-3.671052631578898,55.07285039521882,270.6325767048957,10:23:30
-3.631578947368372,55.08203200308464,270.70848761449827,10:23:45
-3.5921052631578454,55.09121361095046,270.7843985241008,10:24:00
-3.5526315789473193,55.10039521881628,270.8603094337033,10:24:15
-3.5131578947367927,55.109576826682094,270.9362203433059,10:24:30
-3.4736842105262666,55.118758434547914,271.01213125290843,10:24:45
-3.4342105263157405,55.127940042413734,271.08804216251093,10:25:00
-3.394736842105214,55.13712165027955,271.1639530721135,10:25:15
-3.355263157894688,55.14630325814537,271.23986398171604,10:25:30
-3.3157894736841613,55.155484866011186,271.3157748913186,10:25:45
-3.276315789473635,55.164666473877006,271.3916858009211,10:26:00
-3.236842105263109,55.173848081742825,271.46759671052365,10:26:15
-3.1973684210525826,55.183029689608645,271.5435076201262,10:26:30
-3.1578947368420565,55.192211297474465,271.61941852972876,10:26:45
-3.11842105263153,55.201392905340285,271.6953294393313,10:27:00
-3.078947368421004,55.2105745132061,271.7712403489338,10:27:15
-3.0394736842104773,55.21975612107192,271.84715125853637,10:27:30
-2.999999999999951,55.22893772893774,271.9230621681389,10:27:45
-2.960526315789425,55.23811933680356,271.9989730777415,10:28:00
-2.9210526315788985,55.24730094466938,272.07488398734404,10:28:15
-2.8815789473683724,55.25648255253519,272.15079489694654,10:28:30
-2.842105263157846,55.26566416040101,272.2267058065491,10:28:45
-2.8026315789473197,55.27484576826683,272.30261671615165,10:29:00
-2.763157894736793,55.28402737613265,272.3785276257542,10:29:15
-2.723684210526267,55.29320898399847,272.45443853535676,10:29:30
-2.684210526315741,55.30239059186429,272.53034944495926,10:29:45
-2.6447368421052144,55.3115721997301,272.6062603545618,10:30:00
-2.6052631578946883,55.32075380759592,272.68217126416437,10:30:15
-2.5657894736841618,55.32993541546174,272.7580821737669,10:30:30
-2.5263157894736357,55.33911702332756,272.8339930833694,10:30:45
-2.4868421052631096,55.34829863119338,272.909903992972,10:31:00
-2.447368421052583,55.35748023905919,272.98581490257453,10:31:15
-2.407894736842057,55.36666184692501,273.06172581217703,10:31:30
-2.3684210526315304,55.37584345479083,273.1376367217796,10:31:45
-2.3289473684210042,55.38502506265665,273.21354763138214,10:32:00
-2.2894736842104777,55.39420667052247,273.2894585409847,10:32:15
-2.2499999999999516,55.40338827838829,273.3653694505872,10:32:30
-2.2105263157894255,55.412569886254104,273.44128036018975,10:32:45
-2.171052631578899,55.421751494119924,273.5171912697923,10:33:00
-2.131578947368373,55.430933101985744,273.59310217939486,10:33:15
-2.0921052631578463,55.440114709851564,273.6690130889974,10:33:30
-2.05263157894732,55.44929631771738,273.7449239986,10:33:45
-2.0131578947367936,55.458477925583196,273.82083490820247,10:34:00
-1.9736842105262675,55.467659533449016,273.896745817805,10:34:15
-1.9342105263157412,55.476841141314836,273.9726567274076,10:34:30
-1.8947368421052149,55.486022749180655,274.04856763701014,10:34:45
-1.8552631578946885,55.495204357046475,274.1244785466127,10:35:00
-1.8157894736841622,55.50438596491229,274.2003894562152,10:35:15
-1.7763157894736359,55.51356757277811,274.27630036581775,10:35:30
-1.7368421052631096,55.52274918064393,274.3522112754203,10:35:45
-1.6973684210525832,55.53193078850975,274.42812218502286,10:36:00
-1.657894736842057,55.54111239637557,274.50403309462536,10:36:15
-1.6184210526315306,55.55029400424139,274.5799440042279,10:36:30
-1.5789473684210042,55.5594756121072,274.65585491383047,10:36:45
-1.539473684210478,55.56865721997302,274.73176582343297,10:37:00
-1.4999999999999516,55.57783882783884,274.8076767330355,10:37:15
-1.4605263157894253,55.58702043570466,274.8835876426381,10:37:30
-1.421052631578899,55.59620204357047,274.95949855224063,10:37:45
-1.3815789473683726,55.60538365143629,275.03540946184313,10:38:00
-1.3421052631578463,55.61456525930211,275.1113203714457,10:38:15
-1.30263157894732,55.623746867167924,275.18723128104824,10:38:30
-1.2631578947367936,55.632928475033744,275.2631421906508,10:38:45
-1.2236842105262673,55.64211008289956,275.33905310025335,10:39:00
-1.184210526315741,55.65129169076538,275.41496400985585,10:39:15
-1.1447368421052146,55.660473298631196,275.4908749194584,10:39:30
-1.1052631578946883,55.669654906497016,275.56678582906096,10:39:45
-1.065789473684162,55.678836514362835,275.6426967386635,10:40:00
-1.0263157894736357,55.688018122228655,275.718607648266,10:40:15
-0.9868421052631094,55.697199730094475,275.79451855786857,10:40:30
-0.9473684210525831,55.70638133796029,275.8704294674711,10:40:45
-0.9078947368420568,55.71556294582611,275.9463403770736,10:41:00
-0.8684210526315305,55.72474455369193,276.0222512866762,10:41:15
-0.8289473684210041,55.73392616155775,276.09816219627874,10:41:30
-0.7894736842104778,55.74310776942357,276.1740731058813,10:41:45
-0.7499999999999515,55.75228937728939,276.24998401548385,10:42:00
-0.7105263157894252,55.7614709851552,276.32589492508635,10:42:15
-0.6710526315788988,55.77065259302102,276.4018058346889,10:42:30
-0.6315789473683725,55.77983420088684,276.47771674429146,10:42:45
-0.5921052631578462,55.78901580875266,276.553627653894,10:43:00
-0.5526315789473198,55.79819741661848,276.62953856349657,10:43:15
-0.5131578947367935,55.80737902448429,276.70544947309907,10:43:30
-0.4736842105262673,55.81656063235011,276.7813603827016,10:43:45
-0.434210526315741,55.82574224021593,276.8572712923042,10:44:00
-0.39473684210521465,55.83492384808175,276.93318220190673,10:44:15
-0.3552631578946883,55.84410545594757,277.0090931115093,10:44:30
-0.315789473684162,55.85328706381338,277.0850040211118,10:44:45
-0.27631578947363566,55.8624686716792,277.16091493071434,10:45:00
-0.2368421052631094,55.87165027954502,277.2368258403169,10:45:15
-0.19736842105258307,55.88083188741084,277.31273674991945,10:45:30
-0.15789473684205674,55.89001349527666,277.38864765952195,10:45:45
-0.11842105263153042,55.89919510314248,277.4645585691245,10:46:00
-0.07894736842100411,55.908376711008295,277.54046947872706,10:46:15
-0.0394736842104778,55.917558318874114,277.61638038832956,10:46:30
4.851674617611934e-14,55.926739926739934,277.6922912979321,10:46:45
0.03947368421057483,55.935921534605754,277.76820220753467,10:47:00
0.07894736842110114,55.945103142471574,277.8441131171372,10:47:15
0.11842105263162746,55.954284750337386,277.9200240267397,10:47:30
0.15789473684215377,55.963466358203206,277.9959349363423,10:47:45
0.1973684210526801,55.972647966069026,278.07184584594484,10:48:00
0.23684210526320643,55.981829573934846,278.1477567555474,10:48:15
0.2763157894737327,55.991011181800665,278.22366766514995,10:48:30
0.315789473684259,56.000192789666485,278.2995785747525,10:48:45
0.35526315789478535,56.0093743975323,278.375489484355,10:49:00
0.3947368421053117,56.01855600539812,278.45140039395756,10:49:15
0.434210526315838,56.02773761326394,278.5273113035601,10:49:30
0.47368421052636434,56.03691922112976,278.60322221316267,10:49:45
0.5131578947368906,56.04610082899558,278.6791331227652,10:50:00
0.5526315789474169,56.05528243686139,278.7550440323677,10:50:15
0.5921052631579432,56.06446404472721,278.8309549419703,10:50:30
0.6315789473684695,56.07364565259303,278.90686585157283,10:50:45
0.6710526315789959,56.08282726045885,278.9827767611754,10:51:00
0.7105263157895222,56.09200886832467,279.0586876707779,10:51:15
0.7500000000000485,56.10119047619048,279.13459858038044,10:51:30
0.7894736842105748,56.1103720840563,279.210509489983,10:51:45
0.8289473684211012,56.11955369192212,279.2864203995855,10:52:00
0.8684210526316275,56.12873529978794,279.36233130918805,10:52:15
0.9078947368421538,56.13791690765376,279.4382422187906,10:52:30
0.9473684210526802,56.14709851551958,279.51415312839316,10:52:45
0.9868421052632065,56.15628012338539,279.59006403799566,10:53:00
1.0263157894737327,56.16546173125121,279.6659749475982,10:53:15
1.065789473684259,56.17464333911703,279.74188585720077,10:53:30
1.1052631578947854,56.18382494698285,279.8177967668033,10:53:45
1.1447368421053117,56.19300655484867,279.8937076764059,10:54:00
1.184210526315838,56.202188162714485,279.9696185860084,10:54:15
1.2236842105263643,56.211369770580305,280.04552949561094,10:54:30
1.2631578947368907,56.220551378446125,280.1214404052135,10:54:45
1.302631578947417,56.229732986311944,280.19735131481605,10:55:00
1.3421052631579433,56.238914594177764,280.2732622244186,10:55:15
1.3815789473684696,56.248096202043584,280.34917313402116,10:55:30
1.421052631578996,56.2572778099094,280.42508404362366,10:55:45
1.4605263157895223,56.266459417775216,280.5009949532262,10:56:00
1.5000000000000486,56.275641025641036,280.57690586282877,10:56:15
1.539473684210575,56.284822633506856,280.6528167724313,10:56:30
1.5789473684211013,56.29400424137267,280.7287276820338,10:56:45
1.6184210526316276,56.30318584923849,280.8046385916364,10:57:00
1.657894736842154,56.31236745710431,280.88054950123893,10:57:15
1.6973684210526803,56.32154906497012,280.95646041084143,10:57:30
1.7368421052632066,56.33073067283594,281.032371320444,10:57:45
1.776315789473733,56.33991228070176,281.10828223004654,10:58:00
1.8157894736842592,56.34909388856758,281.1841931396491,10:58:15
1.8552631578947856,56.35827549643339,281.2601040492516,10:58:30
1.8947368421053117,56.36745710429921,281.33601495885415,10:58:45
1.934210526315838,56.37663871216503,281.4119258684567,10:59:00
1.9736842105263643,56.38582032003085,281.48783677805926,10:59:15
2.0131578947368904,56.39500192789667,281.5637476876618,10:59:30
2.052631578947417,56.404183535762485,281.6396585972643,10:59:45
2.092105263157943,56.413365143628305,281.71556950686687,11:00:00
2.1315789473684696,56.422546751494124,281.7914804164694,11:00:15
2.1710526315789958,56.431728359359944,281.867391326072,11:00:30
2.2105263157895223,56.440909967225764,281.9433022356745,11:00:45
2.2500000000000484,56.45009157509158,282.01921314527704,11:01:00
2.2894736842105745,56.459273182957396,282.0951240548796,11:01:15
2.328947368421101,56.468454790823216,282.1710349644821,11:01:30
2.368421052631627,56.477636398689036,282.24694587408464,11:01:45
2.4078947368421537,56.486818006554856,282.3228567836872,11:02:00
2.44736842105268,56.495999614420676,282.39876769328976,11:02:15
2.4868421052632064,56.50518122228649,282.47467860289225,11:02:30
2.5263157894737325,56.51436283015231,282.5505895124948,11:02:45
2.5657894736842586,56.52354443801813,282.62650042209737,11:03:00
2.605263157894785,56.53272604588395,282.7024113316999,11:03:15
2.6447368421053112,56.54190765374977,282.7783222413025,11:03:30
2.684210526315838,56.55108926161558,282.854233150905,11:03:45
2.723684210526364,56.5602708694814,282.93014406050753,11:04:00
2.76315789473689,56.56945247734722,283.0060549701101,11:04:15
2.8026315789474165,56.57863408521304,283.08196587971264,11:04:30
2.8421052631579427,56.58781569307886,283.1578767893152,11:04:45
2.881578947368469,56.59699730094468,283.23378769891775,11:05:00
2.9210526315789953,56.60617890881049,283.30969860852025,11:05:15
2.960526315789522,56.61536051667631,283.3856095181228,11:05:30
3.000000000000048,56.62454212454213,283.46152042772536,11:05:45
3.039473684210574,56.63372373240795,283.5374313373279,11:06:00
3.0789473684211006,56.64290534027377,283.6133422469304,11:06:15
3.1184210526316267,56.65208694813958,283.68925315653297,11:06:30
3.1578947368421533,56.6612685560054,283.7651640661355,11:06:45
3.1973684210526794,56.67045016387122,283.841074975738,11:07:00
3.236842105263206,56.67963177173704,283.9169858853406,11:07:15
3.276315789473732,56.68881337960286,283.99289679494314,11:07:30
3.315789473684258,56.69799498746868,284.0688077045457,11:07:45
3.3552631578947847,56.707176595334495,284.1447186141482,11:08:00
3.394736842105311,56.716358203200315,284.22062952375074,11:08:15
3.4342105263158373,56.725539811066135,284.2965404333533,11:08:30
3.4736842105263634,56.734721418931954,284.37245134295586,11:08:45
3.5131578947368896,56.743903026797774,284.4483622525584,11:09:00
3.552631578947416,56.75308463466359,284.5242731621609,11:09:15
3.592105263157942,56.76226624252941,284.60018407176346,11:09:30
3.6315789473684688,56.77144785039523,284.676094981366,11:09:45
3.671052631578995,56.780629458261046,284.7520058909686,11:10:00
3.7105263157895214,56.789811066126866,284.82791680057113,11:10:15
3.7500000000000475,56.798992673992686,284.9038277101737,11:10:30
3.7894736842105736,56.8081742818585,284.9797386197762,11:10:45
3.8289473684211,56.81735588972432,285.05564952937874,11:11:00
3.8684210526316263,56.82653749759014,285.1315604389813,11:11:15
3.907894736842153,56.83571910545596,285.20747134858385,11:11:30
3.947368421052679,56.84490071332178,285.28338225818635,11:11:45
3.9868421052632055,56.85408232118759,285.3592931677889,11:12:00
4.026315789473731,56.86326392905341,285.43520407739146,11:12:15
4.065789473684258,56.87244553691923,285.51111498699396,11:12:30
4.105263157894784,56.88162714478505,285.5870258965965,11:12:45
4.144736842105311,56.89080875265087,285.66293680619907,11:13:00
4.1842105263158365,56.89999036051668,285.7388477158016,11:13:15
4.223684210526363,56.9091719683825,285.8147586254041,11:13:30
4.2631578947368896,56.91835357624832,285.8906695350067,11:13:45
4.302631578947415,56.92753518411414,285.96658044460924,11:14:00
4.342105263157942,56.936716791979954,286.0424913542118,11:14:15
4.381578947368468,56.945898399845774,286.11840226381435,11:14:30
4.421052631578995,56.955080007711594,286.19431317341684,11:14:45
4.4605263157895205,56.964261615577406,286.2702240830194,11:15:00
4.500000000000047,56.973443223443226,286.34613499262196,11:15:15
4.539473684210574,56.982624831309046,286.4220459022245,11:15:30
4.578947368421099,56.991806439174866,286.497956811827,11:15:45
4.618421052631626,57.00098804704068,286.57386772142956,11:16:00
4.657894736842152,57.0101696549065,286.6497786310321,11:16:15
4.697368421052679,57.01935126277232,286.7256895406346,11:16:30
4.736842105263205,57.02853287063814,286.8016004502372,11:16:45
4.776315789473731,57.03771447850396,286.87751135983973,11:17:00
4.815789473684258,57.04689608636978,286.9534222694423,11:17:15
4.855263157894783,57.05607769423559,287.0293331790448,11:17:30
4.89473684210531,57.06525930210141,287.10524408864734,11:17:45
4.9342105263158365,57.07444090996723,287.1811549982499,11:18:00
4.973684210526363,57.08362251783305,287.25706590785245,11:18:15
5.013157894736889,57.09280412569887,287.332976817455,11:18:30
5.052631578947415,57.10198573356468,287.4088877270575,11:18:45
5.092105263157942,57.1111673414305,287.48479863666006,11:19:00
5.131578947368467,57.12034894929632,287.5607095462626,11:19:15
5.171052631578994,57.12953055716214,287.63662045586517,11:19:30
5.2105263157895205,57.13871216502796,287.7125313654677,11:19:45
5.250000000000046,57.14789377289378,287.7884422750702,11:20:00
5.289473684210573,57.15707538075959,287.8643531846728,11:20:15
5.328947368421099,57.16625698862541,287.94026409427534,11:20:30
5.368421052631626,57.17543859649123,288.0161750038779,11:20:45
5.4078947368421515,57.18462020435705,288.09208591348045,11:21:00
5.447368421052678,57.19380181222287,288.16799682308294,11:21:15
5.486842105263205,57.202983420088685,288.2439077326855,11:21:30
5.52631578947373,57.212165027954505,288.31981864228806,11:21:45
5.565789473684257,57.221346635820325,288.39572955189055,11:22:00
5.605263157894783,57.230528243686145,288.4716404614931,11:22:15
5.64473684210531,57.239709851551964,288.54755137109566,11:22:30
5.684210526315836,57.24889145941778,288.6234622806982,11:22:45
5.723684210526362,57.2580730672836,288.6993731903007,11:23:00
5.763157894736889,57.26725467514942,288.7752840999033,11:23:15
5.802631578947414,57.27643628301524,288.85119500950583,11:23:30
5.842105263157941,57.285617890881056,288.9271059191084,11:23:45
5.881578947368467,57.294799498746876,289.00301682871094,11:24:00
5.921052631578994,57.30398110661269,289.07892773831344,11:24:15
5.96052631578952,57.31316271447851,289.154838647916,11:24:30
6.000000000000046,57.32234432234433,289.23074955751855,11:24:45
6.039473684210573,57.33152593021015,289.3066604671211,11:25:00
6.078947368421098,57.34070753807597,289.38257137672366,11:25:15
6.118421052631625,57.34988914594178,289.45848228632616,11:25:30
6.1578947368421515,57.3590707538076,289.5343931959287,11:25:45
6.197368421052678,57.36825236167342,289.61030410553127,11:26:00
6.236842105263204,57.37743396953924,289.6862150151338,11:26:15
6.27631578947373,57.38661557740506,289.7621259247364,11:26:30
6.3162162162162625,57.395896445896454,289.8388574928211,11:26:45
6.356756756756803,57.40532620532621,289.9168200486291,11:27:00
6.397297297297343,57.41475596475597,289.9947826044371,11:27:15
6.4378378378378835,57.42418572418573,290.0727451602451,11:27:30
6.478378378378424,57.43361548361549,290.15070771605315,11:27:45
6.518918918918965,57.44304524304525,290.2286702718612,11:28:00
6.5594594594595055,57.45247500247501,290.30663282766915,11:28:15
6.600000000000046,57.46190476190477,290.3845953834772,11:28:30
6.640540540540586,57.471334521334526,290.4625579392852,11:28:45
6.6810810810811265,57.48076428076429,290.54052049509323,11:29:00
6.721621621621668,57.49019404019405,290.61848305090126,11:29:15
6.762162162162208,57.499623799623805,290.69644560670923,11:29:30
6.8027027027027485,57.50905355905357,290.77440816251726,11:29:45
6.843243243243289,57.51848331848333,290.8523707183253,11:30:00
6.883783783783829,57.527913077913084,290.9303332741333,11:30:15
6.92432432432437,57.53734283734285,291.00829582994135,11:30:30
6.964864864864911,57.546772596772605,291.0862583857494,11:30:45
7.005405405405451,57.55620235620236,291.16422094155735,11:31:00
7.045945945945991,57.56563211563212,291.2421834973654,11:31:15
7.086486486486532,57.57506187506188,291.3201460531734,11:31:30
7.127027027027072,57.584491634491634,291.39810860898143,11:31:45
7.167567567567613,57.5939213939214,291.47607116478946,11:32:00
7.208108108108154,57.603351153351156,291.5540337205975,11:32:15
7.248648648648694,57.61278091278091,291.63199627640546,11:32:30
7.289189189189234,57.62221067221068,291.7099588322135,11:32:45
7.329729729729775,57.631640431640434,291.7879213880215,11:33:00
7.370270270270316,57.64107019107019,291.8658839438295,11:33:15
7.410810810810856,57.65049995049995,291.9438464996375,11:33:30
7.451351351351397,57.65992970992971,292.02180905544554,11:33:45
7.491891891891937,57.66935946935947,292.0997716112535,11:34:00
7.532432432432477,57.67878922878923,292.17773416706154,11:34:15
7.572972972973019,57.68821898821899,292.2556967228696,11:34:30
7.613513513513559,57.69764874764875,292.3336592786776,11:34:45
7.654054054054099,57.707078507078506,292.41162183448563,11:35:00
7.69459459459464,57.71650826650827,292.48958439029366,11:35:15
7.73513513513518,57.72593802593803,292.56754694610163,11:35:30
7.77567567567572,57.735367785367785,292.64550950190966,11:35:45
7.816216216216262,57.74479754479755,292.7234720577177,11:36:00
7.856756756756802,57.75422730422731,292.8014346135257,11:36:15
7.897297297297342,57.763657063657064,292.8793971693337,11:36:30
7.9378378378378835,57.77308682308683,292.9573597251417,11:36:45
7.978378378378424,57.782516582516585,293.03532228094974,11:37:00
8.018918918918965,57.79194634194634,293.11328483675777,11:37:15
8.059459459459505,57.80137610137611,293.19124739256574,11:37:30
8.100000000000046,57.810805860805864,293.26920994837377,11:37:45
8.140540540540586,57.82023562023562,293.3471725041818,11:38:00
8.181081081081127,57.829665379665386,293.4251350599898,11:38:15
8.221621621621667,57.83909513909514,293.50309761579786,11:38:30
8.262162162162209,57.8485248985249,293.5810601716058,11:38:45
8.30270270270275,57.857954657954664,293.65902272741386,11:39:00
8.34324324324329,57.86738441738442,293.7369852832219,11:39:15
8.38378378378383,57.87681417681418,293.8149478390299,11:39:30
8.42432432432437,57.88624393624394,293.89291039483794,11:39:45
8.46486486486491,57.8956736956737,293.97087295064597,11:40:00
8.505405405405453,57.90510345510346,294.04883550645394,11:40:15
8.545945945945993,57.91453321453322,294.12679806226197,11:40:30
8.586486486486534,57.92396297396298,294.20476061807,11:40:45
8.627027027027074,57.933392733392736,294.282723173878,11:41:00
8.667567567567614,57.9428224928225,294.36068572968605,11:41:15
8.708108108108155,57.95225225225226,294.4386482854941,11:41:30
8.748648648648697,57.961682011682015,294.51661084130205,11:41:45
8.789189189189237,57.97111177111178,294.5945733971101,11:42:00
8.829729729729777,57.98054153054154,294.6725359529181,11:42:15
8.870270270270318,57.989971289971294,294.7504985087261,11:42:30
8.910810810810858,57.99940104940105,294.8284610645341,11:42:45
8.951351351351398,58.008830808830815,294.90642362034214,11:43:00
8.99189189189194,58.01826056826057,294.9843861761501,11:43:15
9.032432432432481,58.02769032769033,295.06234873195814,11:43:30
9.072972972973021,58.037120087120094,295.14031128776617,11:43:45
9.113513513513562,58.04654984654985,295.2182738435742,11:44:00
9.154054054054102,58.05597960597961,295.2962363993822,11:44:15
9.194594594594642,58.06540936540937,295.37419895519025,11:44:30
9.235135135135184,58.07483912483913,295.4521615109982,11:44:45
9.275675675675725,58.08426888426889,295.53012406680625,11:45:00
9.316216216216265,58.09369864369865,295.6080866226143,11:45:15
9.356756756756806,58.10312840312841,295.6860491784223,11:45:30
9.397297297297346,58.112558162558166,295.76401173423034,11:45:45
9.437837837837886,58.12198792198793,295.84197429003837,11:46:00
9.478378378378428,58.13141768141769,295.91993684584634,11:46:15
9.518918918918969,58.140847440847445,295.99789940165437,11:46:30
9.559459459459509,58.15027720027721,296.0758619574624,11:46:45
9.60000000000005,58.159706959706966,296.1538245132704,11:47:00
9.64054054054059,58.16913671913672,296.23178706907845,11:47:15
9.68108108108113,58.17856647856649,296.3097496248864,11:47:30
9.72162162162167,58.187996237996245,296.38771218069445,11:47:45
9.762162162162213,58.197425997426,296.4656747365025,11:48:00
9.802702702702753,58.20685575685577,296.5436372923105,11:48:15
9.843243243243293,58.216285516285524,296.6215998481185,11:48:30
9.883783783783834,58.22571527571528,296.6995624039265,11:48:45
9.924324324324374,58.235145035145045,296.77752495973454,11:49:00
9.964864864864914,58.2445747945748,296.85548751554256,11:49:15
10.005405405405456,58.25400455400456,296.93345007135053,11:49:30
10.045945945945997,58.263434313434324,297.01141262715856,11:49:45
10.086486486486537,58.27286407286408,297.0893751829666,11:50:00
10.127027027027077,58.28229383229384,297.1673377387746,11:50:15
10.167567567567618,58.2917235917236,297.24530029458265,11:50:30
10.208108108108158,58.30115335115336,297.3232628503907,11:50:45
10.2486486486487,58.31058311058312,297.40122540619865,11:51:00
10.28918918918924,58.320012870012874,297.4791879620067,11:51:15
10.329729729729781,58.32944262944263,297.5571505178147,11:51:30
10.370270270270321,58.338872388872396,297.6351130736227,11:51:45
10.410810810810862,58.34830214830215,297.7130756294307,11:52:00
10.451351351351402,58.35773190773191,297.79103818523873,11:52:15
10.491891891891944,58.36716166716167,297.8690007410467,11:52:30
10.532432432432485,58.376591426591425,297.94696329685473,11:52:45
10.572972972973025,58.38602118602119,298.02492585266276,11:53:00
10.613513513513565,58.395450945450946,298.1028884084708,11:53:15
10.654054054054106,58.4048807048807,298.1808509642788,11:53:30
10.694594594594646,58.41431046431047,298.25881352008685,11:53:45
10.735135135135188,58.423740223740225,298.3367760758948,11:54:00
10.775675675675728,58.43316998316998,298.41473863170285,11:54:15
10.816216216216269,58.44259974259975,298.4927011875109,11:54:30
10.856756756756809,58.452029502029504,298.5706637433189,11:54:45
10.89729729729735,58.46145926145926,298.64862629912693,11:55:00
10.93783783783789,58.470889020889025,298.72658885493496,11:55:15
10.978378378378432,58.48031878031878,298.80455141074293,11:55:30
11.018918918918972,58.48974853974854,298.88251396655096,11:55:45
11.059459459459513,58.499178299178304,298.960476522359,11:56:00
11.100000000000053,58.50860805860806,299.038439078167,11:56:15
11.140540540540593,58.51803781803782,299.11640163397504,11:56:30
11.181081081081134,58.52746757746758,299.194364189783,11:56:45
11.221621621621674,58.53689733689734,299.27232674559104,11:57:00
11.262162162162216,58.5463270963271,299.3502893013991,11:57:15
11.302702702702756,58.55575685575686,299.4282518572071,11:57:30
11.343243243243297,58.56518661518662,299.5062144130151,11:57:45
11.383783783783837,58.574616374616376,299.5841769688231,11:58:00
11.424107142857197,58.58399561747776,299.70807626461243,11:58:15
11.464285714285769,58.5933411826269,299.86260005372264,11:58:30
11.50446428571434,58.60268674777604,300.01712384283286,11:58:45
11.544642857142911,58.61203231292517,300.1716476319431,11:59:00
11.584821428571482,58.62137787807431,300.3261714210533,11:59:15
11.625000000000053,58.630723443223445,300.4806952101635,11:59:30
11.665178571428626,58.640069008372585,300.6352189992737,11:59:45
11.705357142857197,58.64941457352172,300.8103483960011,12:00:00
11.745535714285769,58.65876013867086,301.11941424224,12:00:15
11.78571428571434,58.66810570382,301.4284800884789,12:00:30
11.825892857142911,58.67745126896913,301.73754593471784,12:00:45
11.866071428571484,58.68679683411827,302.0466117809568,12:01:00
11.906250000000055,58.6961423992674,302.35567762719575,12:01:15
11.946428571428626,58.70548796441654,302.66474347343467,12:01:30
11.986607142857197,58.714833529565674,302.9738093196736,12:01:45
12.026785714285769,58.72417909471481,303.2828751659125,12:02:00
12.066964285714342,58.73352465986395,303.59194101215144,12:02:15
12.107142857142913,58.742870225013085,303.9010068583903,12:02:30
12.147321428571484,58.752215790162225,304.2100727046292,12:02:45
12.187500000000055,58.76156135531136,304.51913855086815,12:03:00
12.227678571428626,58.7709069204605,304.8282043971071,12:03:15
12.2678571428572,58.78025248560964,305.137270243346,12:03:30
12.30803571428577,58.78959805075877,305.4463360895849,12:03:45
12.348214285714342,58.79894361590791,305.75540193582384,12:04:00
12.388392857142913,58.80828918105704,306.06446778206276,12:04:15
12.428571428571484,58.81763474620618,306.3735336283017,12:04:30
12.468750000000057,58.826980311355314,306.6825994745406,12:04:45
12.508928571428628,58.83632587650445,306.99166532077953,12:05:00
12.5491071428572,58.84567144165359,307.30073116701845,12:05:15
12.58928571428577,58.855017006802726,307.6097970132574,12:05:30
12.629464285714342,58.864362571951865,307.9188628594963,12:05:45
12.669642857142914,58.873708137101,308.2279287057352,12:06:00
12.709821428571486,58.88305370225014,308.53699455197415,12:06:15
12.750000000000057,58.89239926739927,308.84606039821307,12:06:30
12.790178571428628,58.90174483254841,309.155126244452,12:06:45
12.8303571428572,58.91109039769755,309.4641920906909,12:07:00
12.870535714285772,58.92043596284668,309.77325793692984,12:07:15
12.910619469026607,58.929759473564786,310.08159442423954,12:07:30
12.950442477876164,58.93902233459756,310.38792517449406,12:07:45
12.990265486725722,58.94828519563033,310.6942559247486,12:08:00
13.03008849557528,58.95754805666311,311.0005866750031,12:08:15
13.069911504424836,58.96681091769588,311.3069174252576,12:08:30
13.109734513274393,58.976073778728654,311.6132481755121,12:08:45
13.149557522123951,58.98533663976143,311.91957892576664,12:09:00
13.189380530973509,58.9945995007942,312.22590967602116,12:09:15
13.229203539823066,59.00386236182697,312.5322404262756,12:09:30
13.269026548672624,59.01312522285974,312.83857117653014,12:09:45
13.308849557522182,59.022388083892515,313.14490192678466,12:10:00
13.34867256637174,59.03165094492529,313.4512326770392,12:10:15
13.388495575221297,59.04091380595806,313.75756342729363,12:10:30
13.428318584070855,59.050176666990836,314.06389417754815,12:10:45
13.468141592920412,59.05943952802361,314.37022492780267,12:11:00
13.50796460176997,59.06870238905638,314.6765556780572,12:11:15
13.547787610619528,59.07796525008915,314.98288642831164,12:11:30
13.587610619469086,59.087228111121924,315.28921717856616,12:11:45
13.627433628318643,59.0964909721547,315.5955479288207,12:12:00
13.667256637168201,59.10575383318747,315.9018786790752,12:12:15
13.707079646017759,59.115016694220245,316.2082094293297,12:12:30
13.746902654867316,59.12427955525302,316.51454017958423,12:12:45
13.786725663716874,59.133542416285785,316.82087092983875,12:13:00
13.826548672566432,59.14280527731856,317.1272016800932,12:13:15
13.86637168141599,59.15206813835133,317.4335324303477,12:13:30
13.906194690265547,59.161330999384106,317.73986318060224,12:13:45
13.946017699115103,59.17059386041687,318.04619393085676,12:14:00
13.98584070796466,59.179856721449646,318.3525246811112,12:14:15
14.025663716814218,59.18911958248242,318.65885543136574,12:14:30
14.065486725663776,59.19838244351519,318.96518618162025,12:14:45
14.105309734513334,59.20764530454796,319.27151693187477,12:15:00
14.145132743362892,59.21690816558073,319.5778476821293,12:15:15
14.18495575221245,59.22617102661351,319.8841784323838,12:15:30
14.224778761062007,59.23543388764628,320.1905091826383,12:15:45
14.264601769911565,59.244696748679054,320.49683993289284,12:16:00
14.304424778761122,59.25395960971183,320.80317068314736,12:16:15
14.34424778761068,59.263222470744594,321.1095014334019,12:16:30
14.384070796460238,59.27248533177737,321.4158321836564,12:16:45
14.423893805309795,59.28174819281014,321.7221629339109,12:17:00
14.463716814159353,59.291011053842915,322.0284936841654,12:17:15
14.50353982300891,59.30027391487569,322.3348244344199,12:17:30
14.543362831858468,59.30953677590846,322.6411551846744,12:17:45
14.583185840708026,59.318799636941236,322.9474859349289,12:18:00
14.623008849557584,59.328062497974,323.25381668518344,12:18:15
14.662831858407142,59.337325359006776,323.56014743543795,12:18:30
14.7026548672567,59.34658822003955,323.8664781856925,12:18:45
14.742477876106257,59.35585108107232,324.172808935947,12:19:00
14.782300884955815,59.3651139421051,324.4791396862015,12:19:15
14.822123893805372,59.37437680313787,324.78547043645597,12:19:30
14.861946902654928,59.383639664170644,325.0918011867105,12:19:45
14.901769911504486,59.39290252520341,325.398131936965,12:20:00
14.941592920354044,59.402165386236184,325.7044626872195,12:20:15
14.981415929203601,59.41142824726896,326.01079343747404,12:20:30
15.021238938053159,59.42069110830173,326.31712418772855,12:20:45
15.061061946902717,59.429953969334505,326.62345493798307,12:21:00
15.100884955752274,59.43921683036728,326.9297856882376,12:21:15
15.140707964601832,59.44847969140005,327.23611643849205,12:21:30
15.18053097345139,59.45774255243282,327.54244718874656,12:21:45
15.220353982300947,59.46700541346559,327.8487779390011,12:22:00
15.260176991150505,59.476268274498366,328.1551086892556,12:22:15
15.300000000000063,59.48553113553114,328.4614394395101,12:22:30
15.339473684210589,59.49471274339696,328.7650830779203,12:22:45
15.378947368421116,59.50389435126278,329.06872671633045,12:23:00
15.418421052631642,59.51307595912859,329.3723703547406,12:23:15
15.457894736842169,59.52225756699441,329.67601399315083,12:23:30
15.497368421052695,59.53143917486023,329.979657631561,12:23:45
15.536842105263222,59.54062078272605,330.28330126997116,12:24:00
15.576315789473748,59.54980239059187,330.5869449083813,12:24:15
15.615789473684274,59.55898399845769,330.8905885467915,12:24:30
15.655263157894801,59.568165606323504,331.19423218520166,12:24:45
15.694736842105327,59.577347214189324,331.4978758236119,12:25:00
15.734210526315854,59.58652882205514,331.80151946202204,12:25:15
15.77368421052638,59.59571042992096,332.1051631004322,12:25:30
15.813157894736905,59.60489203778678,332.4088067388424,12:25:45
15.852631578947433,59.614073645652596,332.7124503772526,12:26:00
15.892105263157958,59.623255253518415,333.01609401566276,12:26:15
15.931578947368486,59.632436861384235,333.3197376540729,12:26:30
15.971052631579012,59.641618469250055,333.6233812924831,12:26:45
16.010526315789537,59.650800077115875,333.92702493089325,12:27:00
16.050000000000065,59.65998168498169,334.2306685693035,12:27:15
16.08947368421059,59.66916329284751,334.53431220771364,12:27:30
16.128947368421116,59.67834490071333,334.8379558461238,12:27:45
16.168421052631643,59.68752650857915,335.14159948453397,12:28:00
16.207894736842167,59.69670811644497,335.44524312294413,12:28:15
16.247368421052695,59.70588972431079,335.7488867613543,12:28:30
16.286842105263222,59.7150713321766,336.05253039976446,12:28:45
16.326315789473746,59.72425294004242,336.35617403817463,12:29:00
16.365789473684274,59.73343454790824,336.65981767658485,12:29:15
16.4052631578948,59.74261615577406,336.963461314995,12:29:30
16.44473684210533,59.75179776363988,337.2671049534052,12:29:45
16.484210526315852,59.76097937150569,337.57074859181535,12:30:00
16.52368421052638,59.77016097937151,337.8743922302255,12:30:15
16.563157894736907,59.77934258723733,338.1780358686357,12:30:30
16.60263157894743,59.78852419510315,338.48167950704584,12:30:45
16.64210526315796,59.79770580296897,338.785323145456,12:31:00
16.681578947368486,59.80688741083479,339.0889667838662,12:31:15
16.721052631579013,59.8160690187006,339.3926104222764,12:31:30
16.760526315789537,59.82525062656642,339.69625406068656,12:31:45
16.800000000000065,59.83443223443224,339.9998976990967,12:32:00
16.840540540540605,59.84015424976964,340.3117479223288,12:32:15
16.881081081081145,59.84587626510704,340.62359814556083,12:32:30
16.921621621621686,59.851598280444435,340.93544836879295,12:32:45
16.962162162162226,59.85732029578183,341.247298592025,12:33:00
17.002702702702766,59.86304231111923,341.55914881525706,12:33:15
17.043243243243307,59.86876432645663,341.8709990384891,12:33:30
17.08378378378385,59.87448634179403,342.18284926172123,12:33:45
17.1247706422019,59.877398078280216,342.4981326984201,12:34:00
17.166055045871627,59.87843629553227,342.81570494409675,12:34:15
17.20733944954135,59.87947451278431,343.1332771897735,12:34:30
17.248623853211075,59.880512730036365,343.45084943545015,12:34:45
17.2899082568808,59.88155094728841,343.7684216811269,12:35:00
17.331192660550524,59.88258916454046,344.08599392680355,12:35:15
17.37247706422025,59.88362738179251,344.4035661724803,12:35:30
17.413761467889973,59.88466559904456,344.72113841815695,12:35:45
17.4550458715597,59.88570381629661,345.0387106638337,12:36:00
17.496330275229425,59.88674203354866,345.35628290951036,12:36:15
17.53761467889915,59.88778025080071,345.673855155187,12:36:30
17.578899082568874,59.888818468052754,345.99142740086376,12:36:45
17.6201834862386,59.88985668530481,346.3089996465404,12:37:00
17.661467889908323,59.89089490255686,346.6265718922171,12:37:15
17.702752293578047,59.891933119808904,346.94414413789383,12:37:30
17.744036697247772,59.892971337060956,347.2617163835705,12:37:45
17.7853211009175,59.89400955431301,347.57928862924723,12:38:00
17.826605504587224,59.89504777156505,347.8968608749239,12:38:15
17.86788990825695,59.896085988817106,348.2144331206006,12:38:30
17.909174311926673,59.89712420606916,348.5320053662773,12:38:45
17.950458715596397,59.8981624233212,348.849577611954,12:39:00
17.991743119266122,59.899200640573255,349.1671498576307,12:39:15
18.03272727272734,59.90023130715438,349.4824124869752,12:39:30
18.07363636363643,59.90126008606777,349.7970977122366,12:39:45
18.11454545454552,59.902288864981166,350.1117829374981,12:40:00
18.155454545454614,59.90331764389456,350.42646816275953,12:40:15
18.196363636363703,59.904346422807954,350.74115338802096,12:40:30
18.237272727272796,59.90537520172135,351.05583861328245,12:40:45
18.278181818181885,59.90640398063474,351.3705238385439,12:41:00
18.319090909090978,59.907432759548136,351.68520906380536,12:41:15
18.360000000000067,59.90846153846153,351.9998942890668,12:41:30
18.40090909090916,59.909490317374924,352.3145795143282,12:41:45
18.44181818181825,59.91051909628832,352.6292647395897,12:42:00
18.48272727272734,59.91154787520171,352.94394996485113,12:42:15
18.52363636363643,59.91257665411511,353.2586351901126,12:42:30
18.564545454545524,59.9136054330285,353.57332041537404,12:42:45
18.605454545454613,59.9146342119419,353.88800564063547,12:43:00
18.646363636363706,59.915662990855296,354.20269086589695,12:43:15
18.687272727272795,59.91669176976869,354.51737609115844,12:43:30
18.728181818181888,59.917720548682084,354.83206131641987,12:43:45
18.769090909090977,59.91874932759548,355.14674654168135,12:44:00
18.81000000000007,59.91977810650887,355.4614317669428,12:44:15
18.85090909090916,59.920806885422266,355.77611699220427,12:44:30
18.891818181818252,59.92183566433566,356.0908022174657,12:44:45
18.93272727272734,59.922864443249054,356.4054874427272,12:45:00
18.973636363636434,59.92389322216245,356.7201726679886,12:45:15
19.014545454545523,59.92492200107584,357.0348578932501,12:45:30
19.055454545454616,59.92595077998924,357.3495431185115,12:45:45
19.096363636363705,59.92697955890264,357.66422834377295,12:46:00
19.137272727272798,59.92800833781603,357.97891356903443,12:46:15
19.178181818181887,59.929037116729425,358.29359879429586,12:46:30
19.21909090909098,59.93006589564282,358.60828401955735,12:46:45
19.26000000000007,59.93109467455621,358.9229692448188,12:47:00
19.300909090909162,59.93212345346961,359.2376544700802,12:47:15
19.34181818181825,59.933152232383,359.5523396953417,12:47:30
19.382727272727344,59.934181011296396,359.8670249206031,12:47:45
19.423636363636433,59.93520979020979,360.1817101458646,12:48:00
19.464545454545526,59.936238569123184,360.496395371126,12:48:15
19.505454545454615,59.93726734803658,360.81108059638746,12:48:30
19.546363636363708,59.93829612694997,361.12576582164894,12:48:45
19.587272727272797,59.939324905863366,361.44045104691037,12:49:00
19.62818181818189,59.94035368477676,361.75513627217185,12:49:15
19.66909090909098,59.941382463690154,362.0698214974333,12:49:30
19.710000000000072,59.94241124260355,362.3845067226947,12:49:45
19.75090909090916,59.94344002151694,362.6991919479562,12:50:00
19.791818181818254,59.944468800430336,363.0138771732176,12:50:15
19.832727272727343,59.94549757934373,363.3285623984791,12:50:30
19.873636363636436,59.946526358257124,363.64324762374054,12:50:45
19.914545454545525,59.94755513717052,363.957932849002,12:51:00
19.955454545454618,59.94858391608392,364.27261807426345,12:51:15
19.996363636363707,59.94961269499731,364.5873032995249,12:51:30
20.0372727272728,59.95064147391071,364.90198852478636,12:51:45
20.07818181818189,59.9516702528241,365.2166737500478,12:52:00
20.119090909090982,59.952699031737495,365.5313589753093,12:52:15
20.16000000000007,59.95372781065089,365.8460442005707,12:52:30
20.200909090909164,59.95475658956428,366.1607294258322,12:52:45
20.241818181818253,59.95578536847768,366.4754146510936,12:53:00
20.282727272727346,59.95681414739107,366.7900998763551,12:53:15
20.323636363636435,59.957842926304465,367.1047851016165,12:53:30
20.364545454545528,59.95887170521786,367.419470326878,12:53:45
20.405454545454617,59.95990048413125,367.73415555213944,12:54:00
20.44636363636371,59.96092926304465,368.0488407774009,12:54:15
20.4872727272728,59.96195804195804,368.36352600266235,12:54:30
20.528181818181892,59.962986820871436,368.67821122792384,12:54:45
20.56909090909098,59.96401559978483,368.99289645318527,12:55:00
20.610000000000074,59.965044378698224,369.3075816784467,12:55:15
20.650909090909163,59.96607315761162,369.6222669037082,12:55:30
20.691818181818256,59.96710193652501,369.9369521289696,12:55:45
20.732727272727345,59.968130715438406,370.2516373542311,12:56:00
20.773636363636438,59.9691594943518,370.5663225794925,12:56:15
20.814545454545527,59.970188273265194,370.881007804754,12:56:30
20.85545454545462,59.971217052178595,371.19569303001543,12:56:45
20.89636363636371,59.97224583109199,371.51037825527686,12:57:00
20.937272727272802,59.97327461000538,371.82506348053835,12:57:15
20.97818181818189,59.97430338891878,372.1397487057998,12:57:30
21.019090909090984,59.97533216783217,372.45443393106126,12:57:45
21.060000000000073,59.976360946745565,372.7691191563227,12:58:00
21.100909090909166,59.97738972565896,373.0838043815841,12:58:15
21.141818181818255,59.97841850457235,373.3984896068456,12:58:30
21.182727272727348,59.97944728348575,373.71317483210703,12:58:45
21.223636363636437,59.98047606239914,374.0278600573685,12:59:00
21.26454545454553,59.981504841312535,374.34254528262994,12:59:15
21.30545454545462,59.98253362022593,374.65723050789137,12:59:30
21.346363636363712,59.98356239913932,374.97191573315285,12:59:45
21.3872727272728,59.98459117805272,375.2866009584143,13:00:00
21.428181818181894,59.98561995696611,375.60128618367577,13:00:15
21.469090909090983,59.986648735879506,375.9159714089372,13:00:30
21.510000000000076,59.9876775147929,376.2306566341987,13:00:45
21.550909090909165,59.988706293706294,376.5453418594601,13:01:00
21.591818181818258,59.98973507261969,376.86002708472154,13:01:15
21.632727272727347,59.99076385153308,377.174712309983,13:01:30
21.67363636363644,59.991792630446476,377.48939753524445,13:01:45
21.71454545454553,59.99282140935987,377.80408276050593,13:02:00
21.755454545454622,59.99385018827327,378.11876798576736,13:02:15
21.79636363636371,59.994878967186665,378.43345321102885,13:02:30
21.837272727272804,59.99590774610006,378.74813843629033,13:02:45
21.878181818181893,59.99693652501345,379.06282366155176,13:03:00
21.919444444444505,59.997974194608815,379.2306557816912,13:03:15
21.96111111111114,59.99902202498357,379.2306557816912,13:03:30

